<?xml version="1.0" encoding="UTF-8" standalone="yes"?>
<WorkflowProcess Version="12.1.0.2.3" DBVersion="12.1.0.2.0" Schema="" xmlns="http://xmlns.oracle.com/odmr11">
    <Nodes>
        <DataSource Id="10001" Name="BIGMART_SALE_ORDERS" Status="Complete">
            <Icon XCOORD="95" YCOORD="92"></Icon>
            <Messages/>
            <Parallelism Enable="false">
                <SystemDetermined/>
            </Parallelism>
            <CacheSettings UseFullData="false" GenerateCache="false">
                <NumberOfRows>2000</NumberOfRows>
                <Method>
                    <TopN/>
                </Method>
            </CacheSettings>
            <SQLExpression>"N$10001" as (select "BIGMART_SALE_ORDERS"."MEN_CLOTHING", 
"BIGMART_SALE_ORDERS"."PERSONAL_CARE_PRODUCTS", 
"BIGMART_SALE_ORDERS"."TOYS", 
"BIGMART_SALE_ORDERS"."ORDER_DATE", 
"BIGMART_SALE_ORDERS"."FASHION_WEAR", 
"BIGMART_SALE_ORDERS"."WOMEN_CLOTHING", 
"BIGMART_SALE_ORDERS"."WATCH", 
"BIGMART_SALE_ORDERS"."JEWELRY", 
"BIGMART_SALE_ORDERS"."FURNITURE", 
"BIGMART_SALE_ORDERS"."ELECTRONICS" 
from "DMUSER"."BIGMART_SALE_ORDERS"  )</SQLExpression>
            <Attributes>
                <Attribute Name="MEN_CLOTHING" DataType="NUMBER" Status="Valid"/>
                <Attribute Name="PERSONAL_CARE_PRODUCTS" DataType="NUMBER" Status="Valid"/>
                <Attribute Name="TOYS" DataType="NUMBER" Status="Valid"/>
                <Attribute Name="ORDER_DATE" DataType="VARCHAR2" Status="Valid"/>
                <Attribute Name="FASHION_WEAR" DataType="NUMBER" Status="Valid"/>
                <Attribute Name="WOMEN_CLOTHING" DataType="NUMBER" Status="Valid"/>
                <Attribute Name="WATCH" DataType="NUMBER" Status="Valid"/>
                <Attribute Name="JEWELRY" DataType="NUMBER" Status="Valid"/>
                <Attribute Name="FURNITURE" DataType="NUMBER" Status="Valid"/>
                <Attribute Name="ELECTRONICS" DataType="NUMBER" Status="Valid"/>
            </Attributes>
            <SourceTable Schema="" Name="BIGMART_SALE_ORDERS" Synonym="false"/>
            <JSONColumns/>
            <DataGuideSettings Generate="true" UseFullData="false" UseFullDoc="false">
                <NumberOfRows>2000</NumberOfRows>
                <NumberOfValues>10000</NumberOfValues>
            </DataGuideSettings>
        </DataSource>
        <CreateTable TableName="PREDICTOR_SALE_FORECAST" Table="true" AutoSpec="Yes" Id="10010" Name="PREDICTOR_SALE_FORECAST" Status="Ready">
            <Icon XCOORD="429" YCOORD="223"></Icon>
            <Messages/>
            <Parallelism Enable="false">
                <SystemDetermined/>
            </Parallelism>
            <CacheSettings UseFullData="false" GenerateCache="false">
                <NumberOfRows>2000</NumberOfRows>
                <Method>
                    <TopN/>
                </Method>
            </CacheSettings>
            <SQLExpression>"N$10010" as (SELECT 
"ORDER_DATE",
"FURNITURE_FORECAST",
"JEWELRY_FORECAST",
"MEN_CLOTHING_FORECAST",
"TOYS",
"WATCH"
 FROM {INPUT_SOURCE} )</SQLExpression>
            <DBAttributes>
                <DBAttribute Key="No" Index="No" Name="ORDER_DATE" DataType="VARCHAR2" Status="Valid"/>
                <DBAttribute Key="No" Index="No" Name="FURNITURE_FORECAST" DataType="NUMBER" Status="Valid"/>
                <DBAttribute Key="No" Index="No" Name="JEWELRY_FORECAST" DataType="NUMBER" Status="Valid"/>
                <DBAttribute Key="No" Index="No" Name="MEN_CLOTHING_FORECAST" DataType="NUMBER" Status="Valid"/>
                <DBAttribute Key="No" Index="No" Name="TOYS" DataType="NUMBER" Status="Valid"/>
                <DBAttribute Key="No" Index="No" Name="WATCH" DataType="NUMBER" Status="Valid"/>
            </DBAttributes>
            <JSONColumns/>
        </CreateTable>
        <CreateTable TableName="BIGMART_WATCH_SALE_FORECAST" Table="true" AutoSpec="Yes" Id="10015" Name="BIGMART_WATCH_SALE_FORECAST" Status="Ready">
            <Icon XCOORD="731" YCOORD="164"></Icon>
            <Messages/>
            <Parallelism Enable="false">
                <SystemDetermined/>
            </Parallelism>
            <CacheSettings UseFullData="false" GenerateCache="false">
                <NumberOfRows>2000</NumberOfRows>
                <Method>
                    <TopN/>
                </Method>
            </CacheSettings>
            <SQLExpression>"N$10015" as (SELECT 
"REGR_GLM_1_12_PRED",
"REGR_GLM_1_12_PBLW",
"REGR_GLM_1_12_PBUP",
"ORDER_DATE",
"FURNITURE_FORECAST",
"JEWELRY_FORECAST",
"MEN_CLOTHING_FORECAST",
"TOYS",
"WATCH"
 FROM {INPUT_SOURCE} )</SQLExpression>
            <DBAttributes>
                <DBAttribute Key="No" Index="No" Name="REGR_GLM_1_12_PRED" DataType="NUMBER" Status="Valid"/>
                <DBAttribute Key="No" Index="No" Name="REGR_GLM_1_12_PBLW" DataType="NUMBER" Status="Valid"/>
                <DBAttribute Key="No" Index="No" Name="REGR_GLM_1_12_PBUP" DataType="NUMBER" Status="Valid"/>
                <DBAttribute Key="No" Index="No" Name="ORDER_DATE" DataType="VARCHAR2" Status="Valid"/>
                <DBAttribute Key="No" Index="No" Name="FURNITURE_FORECAST" DataType="NUMBER" Status="Valid"/>
                <DBAttribute Key="No" Index="No" Name="JEWELRY_FORECAST" DataType="NUMBER" Status="Valid"/>
                <DBAttribute Key="No" Index="No" Name="MEN_CLOTHING_FORECAST" DataType="NUMBER" Status="Valid"/>
                <DBAttribute Key="No" Index="No" Name="TOYS" DataType="NUMBER" Status="Valid"/>
                <DBAttribute Key="No" Index="No" Name="WATCH" DataType="NUMBER" Status="Valid"/>
            </DBAttributes>
            <JSONColumns/>
        </CreateTable>
        <ColumnFilter Id="10002" Name="Filter Columns" Status="Complete">
            <Icon XCOORD="272" YCOORD="92"></Icon>
            <Messages/>
            <Parallelism Enable="false">
                <SystemDetermined/>
            </Parallelism>
            <CacheSettings UseFullData="false" GenerateCache="false">
                <NumberOfRows>2000</NumberOfRows>
                <Method>
                    <TopN/>
                </Method>
            </CacheSettings>
            <SQLExpression>"N$10002" as (SELECT 
"FASHION_WEAR",
"FURNITURE",
"JEWELRY",
"ORDER_DATE",
"TOYS",
"WATCH"
FROM {INPUT_SOURCE}
 )</SQLExpression>
            <ColumnFilterSettings NumberOfRows="2000">
                <DataQualitySettings NullsPercent="95.0" UniquePercent="100.0" ConstantPercent="100.0"/>
                <AttrImportantSettings CutOff="0.5" TopN="100" SamplingType="System" StratifiedCutoff="10">
                    <TargetAttribute Name="WATCH" DataType="NUMBER" Status="Valid"/>
                </AttrImportantSettings>
            </ColumnFilterSettings>
            <ColumnFilterAttributes AutoSpec="No" AutomaticFilterEnable="No">
                <Attribute AutomaticFiltering="false" Output="No" Name="ELECTRONICS" DataType="NUMBER" Status="Valid"/>
                <Attribute AutomaticFiltering="false" Output="Yes" Name="FASHION_WEAR" DataType="NUMBER" Status="Valid"/>
                <Attribute AutomaticFiltering="false" Output="Yes" Name="FURNITURE" DataType="NUMBER" Status="Valid"/>
                <Attribute AutomaticFiltering="false" Output="Yes" Name="JEWELRY" DataType="NUMBER" Status="Valid"/>
                <Attribute AutomaticFiltering="false" Output="No" Name="MEN_CLOTHING" DataType="NUMBER" Status="Valid"/>
                <Attribute AutomaticFiltering="false" Output="Yes" Name="ORDER_DATE" DataType="VARCHAR2" Status="Valid"/>
                <Attribute AutomaticFiltering="false" Output="No" Name="PERSONAL_CARE_PRODUCTS" DataType="NUMBER" Status="Valid"/>
                <Attribute AutomaticFiltering="false" Output="Yes" Name="TOYS" DataType="NUMBER" Status="Valid"/>
                <Attribute AutomaticFiltering="false" Output="Yes" Name="WATCH" DataType="NUMBER" Status="Valid"/>
                <Attribute AutomaticFiltering="false" Output="No" Name="WOMEN_CLOTHING" DataType="NUMBER" Status="Valid"/>
            </ColumnFilterAttributes>
            <ColumnFilterResults DataQualityOutput="ODMR$00_40_53_370000FQCQIGK" AttrImportanceOutput="ODMR$FILTER_COLUMNS_AI_1" GenerateImportanceOutput="true">
                <Attribute Name="ELECTRONICS">
                    <Reason Type="CUTOFF_LIMIT"/>
                </Attribute>
                <Attribute Name="FASHION_WEAR"/>
                <Attribute Name="FURNITURE"/>
                <Attribute Name="JEWELRY"/>
                <Attribute Name="MEN_CLOTHING">
                    <Reason Type="CUTOFF_LIMIT"/>
                </Attribute>
                <Attribute Name="ORDER_DATE">
                    <Reason Type="CUTOFF_LIMIT"/>
                </Attribute>
                <Attribute Name="PERSONAL_CARE_PRODUCTS">
                    <Reason Type="CUTOFF_LIMIT"/>
                </Attribute>
                <Attribute Name="TOYS"/>
                <Attribute Name="WATCH"/>
                <Attribute Name="WOMEN_CLOTHING">
                    <Reason Type="CUTOFF_LIMIT"/>
                </Attribute>
            </ColumnFilterResults>
        </ColumnFilter>
        <RegressionBuild Id="10006" Name="Regress Build" Status="Complete">
            <Icon XCOORD="424" YCOORD="90"></Icon>
            <Messages/>
            <Parallelism Enable="false">
                <SystemDetermined/>
            </Parallelism>
            <BuildDataSource SourceId="10002"/>
            <CaseAttributes>
                <Attribute Name="ORDER_DATE" DataType="VARCHAR2" Status="Valid"/>
            </CaseAttributes>
            <MiningAttributes AutoSpec="Yes">
                <MiningAttribute AutoPrep="Yes" MiningType="Numerical" Input="Yes" Name="FASHION_WEAR" DataType="NUMBER" Status="Valid"/>
                <MiningAttribute AutoPrep="Yes" MiningType="Numerical" Input="Yes" Name="FURNITURE" DataType="NUMBER" Status="Valid"/>
                <MiningAttribute AutoPrep="Yes" MiningType="Numerical" Input="Yes" Name="JEWELRY" DataType="NUMBER" Status="Valid"/>
                <MiningAttribute AutoPrep="Yes" MiningType="Categorical" Input="No" Name="ORDER_DATE" DataType="VARCHAR2" Status="Valid"/>
                <MiningAttribute AutoPrep="Yes" MiningType="Numerical" Input="Yes" Name="TOYS" DataType="NUMBER" Status="Valid"/>
                <MiningAttribute AutoPrep="Yes" MiningType="Numerical" Input="Yes" Name="WATCH" DataType="NUMBER" Status="Valid"/>
            </MiningAttributes>
            <Stoplists>
                <Stoplist Id="1" Name="Default" Type="Basic" Language="ENGLISH" DBName="">
                    <StopTokens>
                        <Token Type="Word" Language="ENGLISH">
                            <Item>Mr</Item>
                        </Token>
                        <Token Type="Word" Language="ENGLISH">
                            <Item>Mrs</Item>
                        </Token>
                        <Token Type="Word" Language="ENGLISH">
                            <Item>Ms</Item>
                        </Token>
                        <Token Type="Word" Language="ENGLISH">
                            <Item>a</Item>
                        </Token>
                        <Token Type="Word" Language="ENGLISH">
                            <Item>all</Item>
                        </Token>
                        <Token Type="Word" Language="ENGLISH">
                            <Item>almost</Item>
                        </Token>
                        <Token Type="Word" Language="ENGLISH">
                            <Item>also</Item>
                        </Token>
                        <Token Type="Word" Language="ENGLISH">
                            <Item>although</Item>
                        </Token>
                        <Token Type="Word" Language="ENGLISH">
                            <Item>an</Item>
                        </Token>
                        <Token Type="Word" Language="ENGLISH">
                            <Item>and</Item>
                        </Token>
                        <Token Type="Word" Language="ENGLISH">
                            <Item>any</Item>
                        </Token>
                        <Token Type="Word" Language="ENGLISH">
                            <Item>are</Item>
                        </Token>
                        <Token Type="Word" Language="ENGLISH">
                            <Item>as</Item>
                        </Token>
                        <Token Type="Word" Language="ENGLISH">
                            <Item>at</Item>
                        </Token>
                        <Token Type="Word" Language="ENGLISH">
                            <Item>be</Item>
                        </Token>
                        <Token Type="Word" Language="ENGLISH">
                            <Item>because</Item>
                        </Token>
                        <Token Type="Word" Language="ENGLISH">
                            <Item>been</Item>
                        </Token>
                        <Token Type="Word" Language="ENGLISH">
                            <Item>both</Item>
                        </Token>
                        <Token Type="Word" Language="ENGLISH">
                            <Item>but</Item>
                        </Token>
                        <Token Type="Word" Language="ENGLISH">
                            <Item>by</Item>
                        </Token>
                        <Token Type="Word" Language="ENGLISH">
                            <Item>can</Item>
                        </Token>
                        <Token Type="Word" Language="ENGLISH">
                            <Item>could</Item>
                        </Token>
                        <Token Type="Word" Language="ENGLISH">
                            <Item>d</Item>
                        </Token>
                        <Token Type="Word" Language="ENGLISH">
                            <Item>did</Item>
                        </Token>
                        <Token Type="Word" Language="ENGLISH">
                            <Item>do</Item>
                        </Token>
                        <Token Type="Word" Language="ENGLISH">
                            <Item>does</Item>
                        </Token>
                        <Token Type="Word" Language="ENGLISH">
                            <Item>either</Item>
                        </Token>
                        <Token Type="Word" Language="ENGLISH">
                            <Item>for</Item>
                        </Token>
                        <Token Type="Word" Language="ENGLISH">
                            <Item>from</Item>
                        </Token>
                        <Token Type="Word" Language="ENGLISH">
                            <Item>had</Item>
                        </Token>
                        <Token Type="Word" Language="ENGLISH">
                            <Item>has</Item>
                        </Token>
                        <Token Type="Word" Language="ENGLISH">
                            <Item>have</Item>
                        </Token>
                        <Token Type="Word" Language="ENGLISH">
                            <Item>having</Item>
                        </Token>
                        <Token Type="Word" Language="ENGLISH">
                            <Item>he</Item>
                        </Token>
                        <Token Type="Word" Language="ENGLISH">
                            <Item>her</Item>
                        </Token>
                        <Token Type="Word" Language="ENGLISH">
                            <Item>here</Item>
                        </Token>
                        <Token Type="Word" Language="ENGLISH">
                            <Item>hers</Item>
                        </Token>
                        <Token Type="Word" Language="ENGLISH">
                            <Item>him</Item>
                        </Token>
                        <Token Type="Word" Language="ENGLISH">
                            <Item>his</Item>
                        </Token>
                        <Token Type="Word" Language="ENGLISH">
                            <Item>how</Item>
                        </Token>
                        <Token Type="Word" Language="ENGLISH">
                            <Item>however</Item>
                        </Token>
                        <Token Type="Word" Language="ENGLISH">
                            <Item>i</Item>
                        </Token>
                        <Token Type="Word" Language="ENGLISH">
                            <Item>if</Item>
                        </Token>
                        <Token Type="Word" Language="ENGLISH">
                            <Item>in</Item>
                        </Token>
                        <Token Type="Word" Language="ENGLISH">
                            <Item>into</Item>
                        </Token>
                        <Token Type="Word" Language="ENGLISH">
                            <Item>is</Item>
                        </Token>
                        <Token Type="Word" Language="ENGLISH">
                            <Item>it</Item>
                        </Token>
                        <Token Type="Word" Language="ENGLISH">
                            <Item>its</Item>
                        </Token>
                        <Token Type="Word" Language="ENGLISH">
                            <Item>just</Item>
                        </Token>
                        <Token Type="Word" Language="ENGLISH">
                            <Item>ll</Item>
                        </Token>
                        <Token Type="Word" Language="ENGLISH">
                            <Item>me</Item>
                        </Token>
                        <Token Type="Word" Language="ENGLISH">
                            <Item>might</Item>
                        </Token>
                        <Token Type="Word" Language="ENGLISH">
                            <Item>my</Item>
                        </Token>
                        <Token Type="Word" Language="ENGLISH">
                            <Item>no</Item>
                        </Token>
                        <Token Type="Word" Language="ENGLISH">
                            <Item>non</Item>
                        </Token>
                        <Token Type="Word" Language="ENGLISH">
                            <Item>nor</Item>
                        </Token>
                        <Token Type="Word" Language="ENGLISH">
                            <Item>not</Item>
                        </Token>
                        <Token Type="Word" Language="ENGLISH">
                            <Item>of</Item>
                        </Token>
                        <Token Type="Word" Language="ENGLISH">
                            <Item>on</Item>
                        </Token>
                        <Token Type="Word" Language="ENGLISH">
                            <Item>one</Item>
                        </Token>
                        <Token Type="Word" Language="ENGLISH">
                            <Item>only</Item>
                        </Token>
                        <Token Type="Word" Language="ENGLISH">
                            <Item>onto</Item>
                        </Token>
                        <Token Type="Word" Language="ENGLISH">
                            <Item>or</Item>
                        </Token>
                        <Token Type="Word" Language="ENGLISH">
                            <Item>our</Item>
                        </Token>
                        <Token Type="Word" Language="ENGLISH">
                            <Item>ours</Item>
                        </Token>
                        <Token Type="Word" Language="ENGLISH">
                            <Item>s</Item>
                        </Token>
                        <Token Type="Word" Language="ENGLISH">
                            <Item>shall</Item>
                        </Token>
                        <Token Type="Word" Language="ENGLISH">
                            <Item>she</Item>
                        </Token>
                        <Token Type="Word" Language="ENGLISH">
                            <Item>should</Item>
                        </Token>
                        <Token Type="Word" Language="ENGLISH">
                            <Item>since</Item>
                        </Token>
                        <Token Type="Word" Language="ENGLISH">
                            <Item>so</Item>
                        </Token>
                        <Token Type="Word" Language="ENGLISH">
                            <Item>some</Item>
                        </Token>
                        <Token Type="Word" Language="ENGLISH">
                            <Item>still</Item>
                        </Token>
                        <Token Type="Word" Language="ENGLISH">
                            <Item>such</Item>
                        </Token>
                        <Token Type="Word" Language="ENGLISH">
                            <Item>t</Item>
                        </Token>
                        <Token Type="Word" Language="ENGLISH">
                            <Item>than</Item>
                        </Token>
                        <Token Type="Word" Language="ENGLISH">
                            <Item>that</Item>
                        </Token>
                        <Token Type="Word" Language="ENGLISH">
                            <Item>the</Item>
                        </Token>
                        <Token Type="Word" Language="ENGLISH">
                            <Item>their</Item>
                        </Token>
                        <Token Type="Word" Language="ENGLISH">
                            <Item>them</Item>
                        </Token>
                        <Token Type="Word" Language="ENGLISH">
                            <Item>then</Item>
                        </Token>
                        <Token Type="Word" Language="ENGLISH">
                            <Item>there</Item>
                        </Token>
                        <Token Type="Word" Language="ENGLISH">
                            <Item>therefore</Item>
                        </Token>
                        <Token Type="Word" Language="ENGLISH">
                            <Item>these</Item>
                        </Token>
                        <Token Type="Word" Language="ENGLISH">
                            <Item>they</Item>
                        </Token>
                        <Token Type="Word" Language="ENGLISH">
                            <Item>this</Item>
                        </Token>
                        <Token Type="Word" Language="ENGLISH">
                            <Item>those</Item>
                        </Token>
                        <Token Type="Word" Language="ENGLISH">
                            <Item>though</Item>
                        </Token>
                        <Token Type="Word" Language="ENGLISH">
                            <Item>through</Item>
                        </Token>
                        <Token Type="Word" Language="ENGLISH">
                            <Item>thus</Item>
                        </Token>
                        <Token Type="Word" Language="ENGLISH">
                            <Item>to</Item>
                        </Token>
                        <Token Type="Word" Language="ENGLISH">
                            <Item>too</Item>
                        </Token>
                        <Token Type="Word" Language="ENGLISH">
                            <Item>until</Item>
                        </Token>
                        <Token Type="Word" Language="ENGLISH">
                            <Item>ve</Item>
                        </Token>
                        <Token Type="Word" Language="ENGLISH">
                            <Item>very</Item>
                        </Token>
                        <Token Type="Word" Language="ENGLISH">
                            <Item>was</Item>
                        </Token>
                        <Token Type="Word" Language="ENGLISH">
                            <Item>we</Item>
                        </Token>
                        <Token Type="Word" Language="ENGLISH">
                            <Item>were</Item>
                        </Token>
                        <Token Type="Word" Language="ENGLISH">
                            <Item>what</Item>
                        </Token>
                        <Token Type="Word" Language="ENGLISH">
                            <Item>when</Item>
                        </Token>
                        <Token Type="Word" Language="ENGLISH">
                            <Item>where</Item>
                        </Token>
                        <Token Type="Word" Language="ENGLISH">
                            <Item>whether</Item>
                        </Token>
                        <Token Type="Word" Language="ENGLISH">
                            <Item>which</Item>
                        </Token>
                        <Token Type="Word" Language="ENGLISH">
                            <Item>while</Item>
                        </Token>
                        <Token Type="Word" Language="ENGLISH">
                            <Item>who</Item>
                        </Token>
                        <Token Type="Word" Language="ENGLISH">
                            <Item>whose</Item>
                        </Token>
                        <Token Type="Word" Language="ENGLISH">
                            <Item>why</Item>
                        </Token>
                        <Token Type="Word" Language="ENGLISH">
                            <Item>will</Item>
                        </Token>
                        <Token Type="Word" Language="ENGLISH">
                            <Item>with</Item>
                        </Token>
                        <Token Type="Word" Language="ENGLISH">
                            <Item>would</Item>
                        </Token>
                        <Token Type="Word" Language="ENGLISH">
                            <Item>yet</Item>
                        </Token>
                        <Token Type="Word" Language="ENGLISH">
                            <Item>you</Item>
                        </Token>
                        <Token Type="Word" Language="ENGLISH">
                            <Item>your</Item>
                        </Token>
                        <Token Type="Word" Language="ENGLISH">
                            <Item>yours</Item>
                        </Token>
                    </StopTokens>
                </Stoplist>
            </Stoplists>
            <TextSettings TransformType="Token" CategoricalCutOffValue="200">
                <Token>
                    <Token MaxNumberPerDoc="50" MaxNumberAllDocs="3000" Frequency="IDF" StoplistId="1" Policy="">
                        <Lexer Name="" Type="Basic">
                            <Settings/>
                        </Lexer>
                        <Languages>
                            <Language Name="ENGLISH" Type="SingleByte"/>
                        </Languages>
                    </Token>
                </Token>
                <Theme Type="Single">
                    <Token MaxNumberPerDoc="50" MaxNumberAllDocs="3000" Frequency="IDF" StoplistId="1" Policy="">
                        <Lexer Type="Basic">
                            <Settings>
                                <Attribute Name="index_themes" ValueString="YES" Type="String"/>
                                <Attribute Name="theme_language" ValueString="ENGLISH" Type="String"/>
                            </Settings>
                        </Lexer>
                        <Languages>
                            <Language Name="ENGLISH" Type="SingleByte"/>
                        </Languages>
                    </Token>
                </Theme>
            </TextSettings>
            <TextAttributes/>
            <HeuristicSummaryResult StatisticTable="ODMR$23_49_18_587000RHMSLPD">
                <Attribute Name="ORDER_DATE">
                    <Reason Type="INPUT_NONE"/>
                </Attribute>
            </HeuristicSummaryResult>
            <TestDataSource>
                <SplitData TestPercent="40.0" DataFormat="View"/>
            </TestDataSource>
            <TargetAttribute Name="WATCH" DataType="NUMBER" Status="Valid"/>
            <Models>
                <RGeneralizedLinearModel Id="10005" Name="REGR_GLM_1_12" Status="Complete" CreationDate="2016-07-02T23:49:26" Annotation="" UseForOutput="true">
                    <InputMiningData DataUsage="AUTO" MiningUsage="AUTO">
                        <MiningAttributes>
                            <MiningAttribute AutoPrep="Yes" MiningType="Numerical" Input="Yes" Name="FASHION_WEAR" DataType="NUMBER" Status="Valid"/>
                            <MiningAttribute AutoPrep="Yes" MiningType="Numerical" Input="Yes" Name="FURNITURE" DataType="NUMBER" Status="Valid"/>
                            <MiningAttribute AutoPrep="Yes" MiningType="Numerical" Input="Yes" Name="JEWELRY" DataType="NUMBER" Status="Valid"/>
                            <MiningAttribute AutoPrep="Yes" MiningType="Numerical" Input="Yes" Name="TOYS" DataType="NUMBER" Status="Valid"/>
                            <MiningAttribute AutoPrep="Yes" MiningType="Numerical" Input="Yes" Name="WATCH" DataType="NUMBER" Status="Valid"/>
                            <MiningAttribute AutoPrep="Yes" MiningType="Categorical" Input="No" Name="ORDER_DATE" DataType="VARCHAR2" Status="Valid"/>
                        </MiningAttributes>
                        <HeuristicResult StatisticTable="ODMR$23_49_18_587000RHMSLPD"/>
                    </InputMiningData>
                    <RGeneralizedLinearModelAlgo>
                        <GLMS_CONF_LEVEL>0.95</GLMS_CONF_LEVEL>
                        <GLMS_VIF_FOR_RIDGE>GLMS_VIF_RIDGE_DISABLE</GLMS_VIF_FOR_RIDGE>
                    </RGeneralizedLinearModelAlgo>
                </RGeneralizedLinearModel>
            </Models>
            <Results genAccuracyMetrics="true" genResiduals="true">
                <RegressionResult ModelId="10005" Status="Complete" Name="REGR_GLM_1_12" CreationDate="2016-07-02T23:49:27">
                    <TestMetrics Name="ODMR$23_49_27_838000ZSSBJCE" CreationDate="2016-07-02T23:49:27"/>
                    <ResidualPlot Name="ODMR$23_49_27_912000ALGWKAT" CreationDate="2016-07-02T23:49:27"/>
                </RegressionResult>
            </Results>
        </RegressionBuild>
        <Apply ColumnOutputOrder="SupplementalColumns" OrderPartitions="Yes" Id="10012" Name="Apply" Status="Ready">
            <Icon XCOORD="565" YCOORD="163"></Icon>
            <Messages/>
            <Parallelism Enable="false">
                <SystemDetermined/>
            </Parallelism>
            <CacheSettings UseFullData="false" GenerateCache="false">
                <NumberOfRows>2000</NumberOfRows>
                <Method>
                    <TopN/>
                </Method>
            </CacheSettings>
            <SQLExpression>"N$10012" as (SELECT 
"ORDER_DATE", 
"FURNITURE_FORECAST", 
"JEWELRY_FORECAST", 
"MEN_CLOTHING_FORECAST", 
"TOYS", 
"WATCH", 
PREDICTION("REGR_GLM_1_12" USING *) "REGR_GLM_1_12_PRED", 
PREDICTION_BOUNDS("REGR_GLM_1_12", 0.95 USING *).LOWER "REGR_GLM_1_12_PBLW", 
PREDICTION_BOUNDS("REGR_GLM_1_12", 0.95 USING *).UPPER "REGR_GLM_1_12_PBUP"
FROM {INPUT_SOURCE} )</SQLExpression>
            <SupplementalAttributes AutoSpec="No">
                <Attribute Name="ORDER_DATE" DataType="VARCHAR2" Status="Valid"/>
                <Attribute Name="FURNITURE_FORECAST" DataType="NUMBER" Status="Valid"/>
                <Attribute Name="JEWELRY_FORECAST" DataType="NUMBER" Status="Valid"/>
                <Attribute Name="MEN_CLOTHING_FORECAST" DataType="NUMBER" Status="Valid"/>
                <Attribute Name="TOYS" DataType="NUMBER" Status="Valid"/>
                <Attribute Name="WATCH" DataType="NUMBER" Status="Valid"/>
            </SupplementalAttributes>
            <OutputColumns AutoSpec="Yes">
                <OutputColumn>
                    <Model IsModelBuilt="true" NodeId="10006" Schema="" Name="REGR_GLM_1_12" MiningFunction="REGRESSION" MiningAlgorithm="GENERALIZED_LINEAR_MODEL" Status="Valid" UseForOutput="true" ModelId="10005"/>
                    <Prediction>
                        <CostOption>
                            <None/>
                        </CostOption>
                        <Column Name="REGR_GLM_1_12_PRED"/>
                    </Prediction>
                </OutputColumn>
                <OutputColumn>
                    <Model IsModelBuilt="true" NodeId="10006" Schema="" Name="REGR_GLM_1_12" MiningFunction="REGRESSION" MiningAlgorithm="GENERALIZED_LINEAR_MODEL" Status="Valid" UseForOutput="true" ModelId="10005"/>
                    <PredictionBounds>
                        <Column LowerBound="REGR_GLM_1_12_PBLW"/>
                    </PredictionBounds>
                </OutputColumn>
                <OutputColumn>
                    <Model IsModelBuilt="true" NodeId="10006" Schema="" Name="REGR_GLM_1_12" MiningFunction="REGRESSION" MiningAlgorithm="GENERALIZED_LINEAR_MODEL" Status="Valid" UseForOutput="true" ModelId="10005"/>
                    <PredictionBounds>
                        <Column UpperBound="REGR_GLM_1_12_PBUP"/>
                    </PredictionBounds>
                </OutputColumn>
            </OutputColumns>
            <CaseAttributes/>
        </Apply>
        <SQLQuery HasWithClause="false" GenerateView="false" ViewName="OUTPUT_1_12" Id="10008" Name="SQL Query" Status="Ready">
            <Icon XCOORD="274" YCOORD="223"></Icon>
            <Messages/>
            <Parallelism Enable="false">
                <SystemDetermined/>
            </Parallelism>
            <CacheSettings UseFullData="false" GenerateCache="false">
                <NumberOfRows>2000</NumberOfRows>
                <Method>
                    <TopN/>
                </Method>
            </CacheSettings>
            <SQLExpression>"Filter Columns_N$10002" as (SELECT * FROM {INPUT_SOURCE:10002}),
"N$10008" as (select to_char(add_months(to_date(max_order_date,'Mon-YY'),1),'Mon-YY') "ORDER_DATE",rgp.* from (select * from table(rqTableEval(
  cursor(select * from "Filter Columns_N$10002"),
  cursor(select 'FURNITURE' "attr1",
                'JEWELRY' "attr2",
                'FASHION_WEAR' "attr3",
				'TOYS' "attr4",
				'WATCH' "attr5",
             1 "ore.connect" from dual),
        'select 1 "FURNITURE_FORECAST",1 "JEWELRY_FORECAST",1 "MEN_CLOTHING_FORECAST",1 "TOYS",1 "WATCH" from dual',
       'big_mart_mva')) )rgp,
       (select max(ORDER_DATE) max_order_date from 
         "Filter Columns_N$10002") filter_columns_tab)
</SQLExpression>
            <SQLQueryExpression>select to_char(add_months(to_date(max_order_date,'Mon-YY'),1),'Mon-YY') "ORDER_DATE",rgp.* from (select * from table(rqTableEval(
  cursor(select * from "Filter Columns_N$10002"),
  cursor(select 'FURNITURE' "attr1",
                'JEWELRY' "attr2",
                'FASHION_WEAR' "attr3",
				'TOYS' "attr4",
				'WATCH' "attr5",
             1 "ore.connect" from dual),
        'select 1 "FURNITURE_FORECAST",1 "JEWELRY_FORECAST",1 "MEN_CLOTHING_FORECAST",1 "TOYS",1 "WATCH" from dual',
       'big_mart_mva')) )rgp,
       (select max(ORDER_DATE) max_order_date from 
         "Filter Columns_N$10002") filter_columns_tab</SQLQueryExpression>
            <SQLQueryOutputColumns>
                <Attribute Name="ORDER_DATE" DataType="VARCHAR2" Status="Valid"/>
                <Attribute Name="FURNITURE_FORECAST" DataType="NUMBER" Status="Valid"/>
                <Attribute Name="JEWELRY_FORECAST" DataType="NUMBER" Status="Valid"/>
                <Attribute Name="MEN_CLOTHING_FORECAST" DataType="NUMBER" Status="Valid"/>
                <Attribute Name="TOYS" DataType="NUMBER" Status="Valid"/>
                <Attribute Name="WATCH" DataType="NUMBER" Status="Valid"/>
            </SQLQueryOutputColumns>
        </SQLQuery>
    </Nodes>
    <Links>
        <Link Id="10003" From="10001" To="10002" Name="Link" Label="From &quot;BIGMART_SALE_ORDERS&quot; to &quot;Filter Columns&quot;">
            <ConnectorGraphicsInfo>
                <Coordinates XCoordinate="0.0" YCoordinate="0.0"/>
            </ConnectorGraphicsInfo>
        </Link>
        <Link Id="10007" From="10002" To="10006" Name="Link" Label="From &quot;Filter Columns&quot; to &quot;Regress Build&quot;">
            <ConnectorGraphicsInfo>
                <Coordinates XCoordinate="0.0" YCoordinate="0.0"/>
            </ConnectorGraphicsInfo>
        </Link>
        <Link Id="10009" From="10002" To="10008" Name="Link" Label="From &quot;Filter Columns&quot; to &quot;SQL Query&quot;">
            <ConnectorGraphicsInfo>
                <Coordinates XCoordinate="0.0" YCoordinate="0.0"/>
            </ConnectorGraphicsInfo>
        </Link>
        <Link Id="10011" From="10008" To="10010" Name="Link" Label="From &quot;SQL Query&quot; to &quot;PREDICTOR_SALE_FORECAST&quot;">
            <ConnectorGraphicsInfo>
                <Coordinates XCoordinate="0.0" YCoordinate="0.0"/>
            </ConnectorGraphicsInfo>
        </Link>
        <Link Id="10013" From="10006" To="10012" Name="Link" Label="From &quot;Regress Build&quot; to &quot;Apply&quot;">
            <ConnectorGraphicsInfo>
                <Coordinates XCoordinate="0.0" YCoordinate="0.0"/>
            </ConnectorGraphicsInfo>
        </Link>
        <Link Id="10014" From="10010" To="10012" Name="Link" Label="From &quot;PREDICTOR_SALE_FORECAST&quot; to &quot;Apply&quot;">
            <ConnectorGraphicsInfo>
                <Coordinates XCoordinate="0.0" YCoordinate="0.0"/>
            </ConnectorGraphicsInfo>
        </Link>
        <Link Id="10016" From="10012" To="10015" Name="Link" Label="From &quot;Apply&quot; to &quot;BIGMART_WATCH_SALE_FORECAST&quot;">
            <ConnectorGraphicsInfo>
                <Coordinates XCoordinate="0.0" YCoordinate="0.0"/>
            </ConnectorGraphicsInfo>
        </Link>
    </Links>
</WorkflowProcess>
