<?xml version="1.0" encoding="UTF-8" standalone="yes"?>
<WorkflowProcess Version="12.1.0.2.3" DBVersion="12.1.0.2.0" Schema="" xmlns="http://xmlns.oracle.com/odmr11">
    <Nodes>
        <DataSource Id="10008" Name="XXCUST_IRIS_DATA_V" Status="Complete">
            <Icon XCOORD="151" YCOORD="84"></Icon>
            <Messages/>
            <Parallelism Enable="false">
                <SystemDetermined/>
            </Parallelism>
            <CacheSettings UseFullData="false" GenerateCache="false">
                <NumberOfRows>2000</NumberOfRows>
                <Method>
                    <TopN/>
                </Method>
            </CacheSettings>
            <SQLExpression>"N$10008" as (select "XXCUST_IRIS_DATA_V"."PETAL_LENGTH", 
"XXCUST_IRIS_DATA_V"."SEPAL_WIDTH", 
"XXCUST_IRIS_DATA_V"."SEPAL_LENGTH", 
"XXCUST_IRIS_DATA_V"."PETAL_WIDTH", 
"XXCUST_IRIS_DATA_V"."ID" 
from "DMUSER"."XXCUST_IRIS_DATA_V"  )</SQLExpression>
            <Attributes>
                <Attribute Name="PETAL_LENGTH" DataType="NUMBER" Status="Valid"/>
                <Attribute Name="SEPAL_WIDTH" DataType="NUMBER" Status="Valid"/>
                <Attribute Name="SEPAL_LENGTH" DataType="NUMBER" Status="Valid"/>
                <Attribute Name="PETAL_WIDTH" DataType="NUMBER" Status="Valid"/>
                <Attribute Name="ID" DataType="NUMBER" Status="Valid"/>
            </Attributes>
            <SourceTable Schema="" Name="XXCUST_IRIS_DATA_V" Synonym="false"/>
            <JSONColumns/>
            <DataGuideSettings Generate="true" UseFullData="false" UseFullDoc="false">
                <NumberOfRows>2000</NumberOfRows>
                <NumberOfValues>10000</NumberOfValues>
            </DataGuideSettings>
        </DataSource>
        <ClusteringBuild Id="10012" Name="iris_cluster" Status="Complete">
            <Icon XCOORD="307" YCOORD="83"></Icon>
            <Messages/>
            <Parallelism Enable="false">
                <SystemDetermined/>
            </Parallelism>
            <BuildDataSource SourceId="10008"/>
            <CaseAttributes/>
            <MiningAttributes AutoSpec="Yes">
                <MiningAttribute AutoPrep="Yes" MiningType="Numerical" Input="Yes" Name="ID" DataType="NUMBER" Status="Valid"/>
                <MiningAttribute AutoPrep="Yes" MiningType="Numerical" Input="Yes" Name="PETAL_LENGTH" DataType="NUMBER" Status="Valid"/>
                <MiningAttribute AutoPrep="Yes" MiningType="Numerical" Input="Yes" Name="PETAL_WIDTH" DataType="NUMBER" Status="Valid"/>
                <MiningAttribute AutoPrep="Yes" MiningType="Numerical" Input="Yes" Name="SEPAL_LENGTH" DataType="NUMBER" Status="Valid"/>
                <MiningAttribute AutoPrep="Yes" MiningType="Numerical" Input="Yes" Name="SEPAL_WIDTH" DataType="NUMBER" Status="Valid"/>
            </MiningAttributes>
            <Stoplists>
                <Stoplist Id="1" Name="Default" Type="Basic" Language="ENGLISH" DBName="">
                    <StopTokens>
                        <Token Type="Word" Language="ENGLISH">
                            <Item>Mr</Item>
                        </Token>
                        <Token Type="Word" Language="ENGLISH">
                            <Item>Mrs</Item>
                        </Token>
                        <Token Type="Word" Language="ENGLISH">
                            <Item>Ms</Item>
                        </Token>
                        <Token Type="Word" Language="ENGLISH">
                            <Item>a</Item>
                        </Token>
                        <Token Type="Word" Language="ENGLISH">
                            <Item>all</Item>
                        </Token>
                        <Token Type="Word" Language="ENGLISH">
                            <Item>almost</Item>
                        </Token>
                        <Token Type="Word" Language="ENGLISH">
                            <Item>also</Item>
                        </Token>
                        <Token Type="Word" Language="ENGLISH">
                            <Item>although</Item>
                        </Token>
                        <Token Type="Word" Language="ENGLISH">
                            <Item>an</Item>
                        </Token>
                        <Token Type="Word" Language="ENGLISH">
                            <Item>and</Item>
                        </Token>
                        <Token Type="Word" Language="ENGLISH">
                            <Item>any</Item>
                        </Token>
                        <Token Type="Word" Language="ENGLISH">
                            <Item>are</Item>
                        </Token>
                        <Token Type="Word" Language="ENGLISH">
                            <Item>as</Item>
                        </Token>
                        <Token Type="Word" Language="ENGLISH">
                            <Item>at</Item>
                        </Token>
                        <Token Type="Word" Language="ENGLISH">
                            <Item>be</Item>
                        </Token>
                        <Token Type="Word" Language="ENGLISH">
                            <Item>because</Item>
                        </Token>
                        <Token Type="Word" Language="ENGLISH">
                            <Item>been</Item>
                        </Token>
                        <Token Type="Word" Language="ENGLISH">
                            <Item>both</Item>
                        </Token>
                        <Token Type="Word" Language="ENGLISH">
                            <Item>but</Item>
                        </Token>
                        <Token Type="Word" Language="ENGLISH">
                            <Item>by</Item>
                        </Token>
                        <Token Type="Word" Language="ENGLISH">
                            <Item>can</Item>
                        </Token>
                        <Token Type="Word" Language="ENGLISH">
                            <Item>could</Item>
                        </Token>
                        <Token Type="Word" Language="ENGLISH">
                            <Item>d</Item>
                        </Token>
                        <Token Type="Word" Language="ENGLISH">
                            <Item>did</Item>
                        </Token>
                        <Token Type="Word" Language="ENGLISH">
                            <Item>do</Item>
                        </Token>
                        <Token Type="Word" Language="ENGLISH">
                            <Item>does</Item>
                        </Token>
                        <Token Type="Word" Language="ENGLISH">
                            <Item>either</Item>
                        </Token>
                        <Token Type="Word" Language="ENGLISH">
                            <Item>for</Item>
                        </Token>
                        <Token Type="Word" Language="ENGLISH">
                            <Item>from</Item>
                        </Token>
                        <Token Type="Word" Language="ENGLISH">
                            <Item>had</Item>
                        </Token>
                        <Token Type="Word" Language="ENGLISH">
                            <Item>has</Item>
                        </Token>
                        <Token Type="Word" Language="ENGLISH">
                            <Item>have</Item>
                        </Token>
                        <Token Type="Word" Language="ENGLISH">
                            <Item>having</Item>
                        </Token>
                        <Token Type="Word" Language="ENGLISH">
                            <Item>he</Item>
                        </Token>
                        <Token Type="Word" Language="ENGLISH">
                            <Item>her</Item>
                        </Token>
                        <Token Type="Word" Language="ENGLISH">
                            <Item>here</Item>
                        </Token>
                        <Token Type="Word" Language="ENGLISH">
                            <Item>hers</Item>
                        </Token>
                        <Token Type="Word" Language="ENGLISH">
                            <Item>him</Item>
                        </Token>
                        <Token Type="Word" Language="ENGLISH">
                            <Item>his</Item>
                        </Token>
                        <Token Type="Word" Language="ENGLISH">
                            <Item>how</Item>
                        </Token>
                        <Token Type="Word" Language="ENGLISH">
                            <Item>however</Item>
                        </Token>
                        <Token Type="Word" Language="ENGLISH">
                            <Item>i</Item>
                        </Token>
                        <Token Type="Word" Language="ENGLISH">
                            <Item>if</Item>
                        </Token>
                        <Token Type="Word" Language="ENGLISH">
                            <Item>in</Item>
                        </Token>
                        <Token Type="Word" Language="ENGLISH">
                            <Item>into</Item>
                        </Token>
                        <Token Type="Word" Language="ENGLISH">
                            <Item>is</Item>
                        </Token>
                        <Token Type="Word" Language="ENGLISH">
                            <Item>it</Item>
                        </Token>
                        <Token Type="Word" Language="ENGLISH">
                            <Item>its</Item>
                        </Token>
                        <Token Type="Word" Language="ENGLISH">
                            <Item>just</Item>
                        </Token>
                        <Token Type="Word" Language="ENGLISH">
                            <Item>ll</Item>
                        </Token>
                        <Token Type="Word" Language="ENGLISH">
                            <Item>me</Item>
                        </Token>
                        <Token Type="Word" Language="ENGLISH">
                            <Item>might</Item>
                        </Token>
                        <Token Type="Word" Language="ENGLISH">
                            <Item>my</Item>
                        </Token>
                        <Token Type="Word" Language="ENGLISH">
                            <Item>no</Item>
                        </Token>
                        <Token Type="Word" Language="ENGLISH">
                            <Item>non</Item>
                        </Token>
                        <Token Type="Word" Language="ENGLISH">
                            <Item>nor</Item>
                        </Token>
                        <Token Type="Word" Language="ENGLISH">
                            <Item>not</Item>
                        </Token>
                        <Token Type="Word" Language="ENGLISH">
                            <Item>of</Item>
                        </Token>
                        <Token Type="Word" Language="ENGLISH">
                            <Item>on</Item>
                        </Token>
                        <Token Type="Word" Language="ENGLISH">
                            <Item>one</Item>
                        </Token>
                        <Token Type="Word" Language="ENGLISH">
                            <Item>only</Item>
                        </Token>
                        <Token Type="Word" Language="ENGLISH">
                            <Item>onto</Item>
                        </Token>
                        <Token Type="Word" Language="ENGLISH">
                            <Item>or</Item>
                        </Token>
                        <Token Type="Word" Language="ENGLISH">
                            <Item>our</Item>
                        </Token>
                        <Token Type="Word" Language="ENGLISH">
                            <Item>ours</Item>
                        </Token>
                        <Token Type="Word" Language="ENGLISH">
                            <Item>s</Item>
                        </Token>
                        <Token Type="Word" Language="ENGLISH">
                            <Item>shall</Item>
                        </Token>
                        <Token Type="Word" Language="ENGLISH">
                            <Item>she</Item>
                        </Token>
                        <Token Type="Word" Language="ENGLISH">
                            <Item>should</Item>
                        </Token>
                        <Token Type="Word" Language="ENGLISH">
                            <Item>since</Item>
                        </Token>
                        <Token Type="Word" Language="ENGLISH">
                            <Item>so</Item>
                        </Token>
                        <Token Type="Word" Language="ENGLISH">
                            <Item>some</Item>
                        </Token>
                        <Token Type="Word" Language="ENGLISH">
                            <Item>still</Item>
                        </Token>
                        <Token Type="Word" Language="ENGLISH">
                            <Item>such</Item>
                        </Token>
                        <Token Type="Word" Language="ENGLISH">
                            <Item>t</Item>
                        </Token>
                        <Token Type="Word" Language="ENGLISH">
                            <Item>than</Item>
                        </Token>
                        <Token Type="Word" Language="ENGLISH">
                            <Item>that</Item>
                        </Token>
                        <Token Type="Word" Language="ENGLISH">
                            <Item>the</Item>
                        </Token>
                        <Token Type="Word" Language="ENGLISH">
                            <Item>their</Item>
                        </Token>
                        <Token Type="Word" Language="ENGLISH">
                            <Item>them</Item>
                        </Token>
                        <Token Type="Word" Language="ENGLISH">
                            <Item>then</Item>
                        </Token>
                        <Token Type="Word" Language="ENGLISH">
                            <Item>there</Item>
                        </Token>
                        <Token Type="Word" Language="ENGLISH">
                            <Item>therefore</Item>
                        </Token>
                        <Token Type="Word" Language="ENGLISH">
                            <Item>these</Item>
                        </Token>
                        <Token Type="Word" Language="ENGLISH">
                            <Item>they</Item>
                        </Token>
                        <Token Type="Word" Language="ENGLISH">
                            <Item>this</Item>
                        </Token>
                        <Token Type="Word" Language="ENGLISH">
                            <Item>those</Item>
                        </Token>
                        <Token Type="Word" Language="ENGLISH">
                            <Item>though</Item>
                        </Token>
                        <Token Type="Word" Language="ENGLISH">
                            <Item>through</Item>
                        </Token>
                        <Token Type="Word" Language="ENGLISH">
                            <Item>thus</Item>
                        </Token>
                        <Token Type="Word" Language="ENGLISH">
                            <Item>to</Item>
                        </Token>
                        <Token Type="Word" Language="ENGLISH">
                            <Item>too</Item>
                        </Token>
                        <Token Type="Word" Language="ENGLISH">
                            <Item>until</Item>
                        </Token>
                        <Token Type="Word" Language="ENGLISH">
                            <Item>ve</Item>
                        </Token>
                        <Token Type="Word" Language="ENGLISH">
                            <Item>very</Item>
                        </Token>
                        <Token Type="Word" Language="ENGLISH">
                            <Item>was</Item>
                        </Token>
                        <Token Type="Word" Language="ENGLISH">
                            <Item>we</Item>
                        </Token>
                        <Token Type="Word" Language="ENGLISH">
                            <Item>were</Item>
                        </Token>
                        <Token Type="Word" Language="ENGLISH">
                            <Item>what</Item>
                        </Token>
                        <Token Type="Word" Language="ENGLISH">
                            <Item>when</Item>
                        </Token>
                        <Token Type="Word" Language="ENGLISH">
                            <Item>where</Item>
                        </Token>
                        <Token Type="Word" Language="ENGLISH">
                            <Item>whether</Item>
                        </Token>
                        <Token Type="Word" Language="ENGLISH">
                            <Item>which</Item>
                        </Token>
                        <Token Type="Word" Language="ENGLISH">
                            <Item>while</Item>
                        </Token>
                        <Token Type="Word" Language="ENGLISH">
                            <Item>who</Item>
                        </Token>
                        <Token Type="Word" Language="ENGLISH">
                            <Item>whose</Item>
                        </Token>
                        <Token Type="Word" Language="ENGLISH">
                            <Item>why</Item>
                        </Token>
                        <Token Type="Word" Language="ENGLISH">
                            <Item>will</Item>
                        </Token>
                        <Token Type="Word" Language="ENGLISH">
                            <Item>with</Item>
                        </Token>
                        <Token Type="Word" Language="ENGLISH">
                            <Item>would</Item>
                        </Token>
                        <Token Type="Word" Language="ENGLISH">
                            <Item>yet</Item>
                        </Token>
                        <Token Type="Word" Language="ENGLISH">
                            <Item>you</Item>
                        </Token>
                        <Token Type="Word" Language="ENGLISH">
                            <Item>your</Item>
                        </Token>
                        <Token Type="Word" Language="ENGLISH">
                            <Item>yours</Item>
                        </Token>
                    </StopTokens>
                </Stoplist>
            </Stoplists>
            <TextSettings TransformType="Token" CategoricalCutOffValue="200">
                <Token>
                    <Token MaxNumberPerDoc="50" MaxNumberAllDocs="3000" Frequency="IDF" StoplistId="1" Policy="">
                        <Lexer Name="" Type="Basic">
                            <Settings/>
                        </Lexer>
                        <Languages>
                            <Language Name="ENGLISH" Type="SingleByte"/>
                        </Languages>
                    </Token>
                </Token>
                <Theme Type="Single">
                    <Token MaxNumberPerDoc="50" MaxNumberAllDocs="3000" Frequency="IDF" StoplistId="1" Policy="">
                        <Lexer Type="Basic">
                            <Settings>
                                <Attribute Name="index_themes" ValueString="YES" Type="String"/>
                                <Attribute Name="theme_language" ValueString="ENGLISH" Type="String"/>
                            </Settings>
                        </Lexer>
                        <Languages>
                            <Language Name="ENGLISH" Type="SingleByte"/>
                        </Languages>
                    </Token>
                </Theme>
            </TextSettings>
            <TextAttributes/>
            <HeuristicSummaryResult StatisticTable="ODMR$23_30_32_950000NJBJFFU"/>
            <Models>
                <KMeansModel Id="10010" Name="CLUS_KM_2_5" Status="Complete" CreationDate="2016-05-31T00:49:25" Annotation="" UseForOutput="true">
                    <InputMiningData DataUsage="AUTO" MiningUsage="AUTO">
                        <MiningAttributes>
                            <MiningAttribute AutoPrep="Yes" MiningType="Numerical" Input="Yes" Name="PETAL_LENGTH" DataType="NUMBER" Status="Valid"/>
                            <MiningAttribute AutoPrep="Yes" MiningType="Numerical" Input="Yes" Name="SEPAL_WIDTH" DataType="NUMBER" Status="Valid"/>
                            <MiningAttribute AutoPrep="Yes" MiningType="Numerical" Input="Yes" Name="SEPAL_LENGTH" DataType="NUMBER" Status="Valid"/>
                            <MiningAttribute AutoPrep="Yes" MiningType="Numerical" Input="Yes" Name="PETAL_WIDTH" DataType="NUMBER" Status="Valid"/>
                            <MiningAttribute AutoPrep="Yes" MiningType="Numerical" Input="Yes" Name="ID" DataType="NUMBER" Status="Valid"/>
                        </MiningAttributes>
                        <HeuristicResult StatisticTable="ODMR$00_49_22_137000IWQBIRB"/>
                    </InputMiningData>
                    <KMeansAlgo>
                        <CLUS_NUM_CLUSTERS>10</CLUS_NUM_CLUSTERS>
                        <KMNS_BLOCK_GROWTH>2</KMNS_BLOCK_GROWTH>
                        <KMNS_CONV_TOLERANCE>0.01</KMNS_CONV_TOLERANCE>
                        <KMNS_DISTANCE>KMNS_EUCLIDEAN</KMNS_DISTANCE>
                        <KMNS_ITERATIONS>30</KMNS_ITERATIONS>
                        <KMNS_MIN_PCT_ATTR_SUPPORT>0.1</KMNS_MIN_PCT_ATTR_SUPPORT>
                        <KMNS_NUM_BINS>10</KMNS_NUM_BINS>
                        <KMNS_SPLIT_CRITERION>KMNS_VARIANCE</KMNS_SPLIT_CRITERION>
                    </KMeansAlgo>
                </KMeansModel>
            </Models>
        </ClusteringBuild>
    </Nodes>
    <Links>
        <Link Id="10013" From="10008" To="10012" Name="Link" Label="From &quot;XXCUST_IRIS_DATA_V&quot; to &quot;iris_cluster&quot;">
            <ConnectorGraphicsInfo>
                <Coordinates XCoordinate="0.0" YCoordinate="0.0"/>
            </ConnectorGraphicsInfo>
        </Link>
    </Links>
</WorkflowProcess>
