<?xml version="1.0" encoding="UTF-8" standalone="yes"?>
<WorkflowProcess Version="12.1.0.2.3" DBVersion="12.1.0.2.0" Schema="" xmlns="http://xmlns.oracle.com/odmr11">
    <Nodes>
        <DataSource Id="10001" Name="SALES" Status="Complete">
            <Icon XCOORD="142" YCOORD="77"></Icon>
            <Messages/>
            <Parallelism Enable="false">
                <SystemDetermined/>
            </Parallelism>
            <CacheSettings UseFullData="false" GenerateCache="false">
                <NumberOfRows>2000</NumberOfRows>
                <Method>
                    <TopN/>
                </Method>
            </CacheSettings>
            <SQLExpression>"N$10001" as (select "SALES"."CUST_ID", 
"SALES"."QUANTITY_SOLD", 
"SALES"."AMOUNT_SOLD", 
"SALES"."CHANNEL_ID", 
"SALES"."PROMO_ID", 
"SALES"."TIME_ID", 
"SALES"."PROD_ID" 
from "SH"."SALES"  )</SQLExpression>
            <Attributes>
                <Attribute Name="CUST_ID" DataType="NUMBER" Status="Valid"/>
                <Attribute Name="QUANTITY_SOLD" DataType="NUMBER" Status="Valid"/>
                <Attribute Name="AMOUNT_SOLD" DataType="NUMBER" Status="Valid"/>
                <Attribute Name="CHANNEL_ID" DataType="NUMBER" Status="Valid"/>
                <Attribute Name="PROMO_ID" DataType="NUMBER" Status="Valid"/>
                <Attribute Name="TIME_ID" DataType="DATE" Status="Valid"/>
                <Attribute Name="PROD_ID" DataType="NUMBER" Status="Valid"/>
            </Attributes>
            <SourceTable Schema="SH" Name="SALES" Synonym="false"/>
            <JSONColumns/>
            <DataGuideSettings Generate="true" UseFullData="false" UseFullDoc="false">
                <NumberOfRows>2000</NumberOfRows>
                <NumberOfValues>10000</NumberOfValues>
            </DataGuideSettings>
        </DataSource>
        <DataSource Id="10008" Name="CUST_TRANSACTION_V" Status="Complete">
            <Icon XCOORD="138" YCOORD="206"></Icon>
            <Messages/>
            <Parallelism Enable="false">
                <SystemDetermined/>
            </Parallelism>
            <CacheSettings UseFullData="false" GenerateCache="false">
                <NumberOfRows>2000</NumberOfRows>
                <Method>
                    <TopN/>
                </Method>
            </CacheSettings>
            <SQLExpression>"N$10008" as (select "CUST_TRANSACTION_V"."CUST_ID", 
"CUST_TRANSACTION_V"."CUST_VALID", 
"CUST_TRANSACTION_V"."PROD_SUBCATEGORY_ID", 
"CUST_TRANSACTION_V"."PROD_DESC", 
"CUST_TRANSACTION_V"."PROD_NAME", 
"CUST_TRANSACTION_V"."PROD_EFF_FROM", 
"CUST_TRANSACTION_V"."PROD_EFF_TO", 
"CUST_TRANSACTION_V"."CUST_STREET_ADDRESS", 
"CUST_TRANSACTION_V"."CUST_FIRST_NAME", 
"CUST_TRANSACTION_V"."PROD_UNIT_OF_MEASURE", 
"CUST_TRANSACTION_V"."PROD_VALID", 
"CUST_TRANSACTION_V"."CUST_EFF_FROM", 
"CUST_TRANSACTION_V"."PROD_CATEGORY_DESC", 
"CUST_TRANSACTION_V"."PROMO_TOTAL", 
"CUST_TRANSACTION_V"."PROD_CATEGORY_ID", 
"CUST_TRANSACTION_V"."PROD_LIST_PRICE", 
"CUST_TRANSACTION_V"."PROMO_NAME", 
"CUST_TRANSACTION_V"."CUST_CREDIT_LIMIT", 
"CUST_TRANSACTION_V"."PROMO_TOTAL_ID", 
"CUST_TRANSACTION_V"."COUNTRY_NAME", 
"CUST_TRANSACTION_V"."PROD_CATEGORY", 
"CUST_TRANSACTION_V"."CUST_EMAIL", 
"CUST_TRANSACTION_V"."CHANNEL_ID", 
"CUST_TRANSACTION_V"."PROMO_BEGIN_DATE", 
"CUST_TRANSACTION_V"."PROMO_ID", 
"CUST_TRANSACTION_V"."PROMO_SUBCATEGORY", 
"CUST_TRANSACTION_V"."CUST_MAIN_PHONE_NUMBER", 
"CUST_TRANSACTION_V"."PROD_TOTAL_ID", 
"CUST_TRANSACTION_V"."PROMO_END_DATE", 
"CUST_TRANSACTION_V"."AMOUNT_SOLD", 
"CUST_TRANSACTION_V"."CUST_MARITAL_STATUS", 
"CUST_TRANSACTION_V"."TIME_ID", 
"CUST_TRANSACTION_V"."PROD_PACK_SIZE", 
"CUST_TRANSACTION_V"."PROMO_CATEGORY_ID", 
"CUST_TRANSACTION_V"."CUST_STATE_PROVINCE", 
"CUST_TRANSACTION_V"."PROD_MIN_PRICE", 
"CUST_TRANSACTION_V"."CUST_ID2", 
"CUST_TRANSACTION_V"."SUPPLIER_ID", 
"CUST_TRANSACTION_V"."PROMO_SUBCATEGORY_ID", 
"CUST_TRANSACTION_V"."QUANTITY_SOLD", 
"CUST_TRANSACTION_V"."CUST_CITY", 
"CUST_TRANSACTION_V"."PROMO_CATEGORY", 
"CUST_TRANSACTION_V"."PROD_TOTAL", 
"CUST_TRANSACTION_V"."PROD_ID1", 
"CUST_TRANSACTION_V"."PROMO_COST", 
"CUST_TRANSACTION_V"."PROD_ID", 
"CUST_TRANSACTION_V"."CUST_EFF_TO", 
"CUST_TRANSACTION_V"."PROMO_ID1", 
"CUST_TRANSACTION_V"."CUST_LAST_NAME", 
"CUST_TRANSACTION_V"."CUST_YEAR_OF_BIRTH", 
"CUST_TRANSACTION_V"."PROD_STATUS", 
"CUST_TRANSACTION_V"."PROD_SUBCATEGORY", 
"CUST_TRANSACTION_V"."CUST_INCOME_LEVEL", 
"CUST_TRANSACTION_V"."CUST_GENDER", 
"CUST_TRANSACTION_V"."PROD_WEIGHT_CLASS", 
"CUST_TRANSACTION_V"."PROD_SUBCATEGORY_DESC", 
"CUST_TRANSACTION_V"."CUST_POSTAL_CODE", 
"CUST_TRANSACTION_V"."PROD_SRC_ID" 
from "DMUSER"."CUST_TRANSACTION_V"  )</SQLExpression>
            <Attributes>
                <Attribute Name="CUST_ID" DataType="NUMBER" Status="Valid"/>
                <Attribute Name="CUST_VALID" DataType="VARCHAR2" Status="Valid"/>
                <Attribute Name="PROD_SUBCATEGORY_ID" DataType="NUMBER" Status="Valid"/>
                <Attribute Name="PROD_DESC" DataType="VARCHAR2" Status="Valid"/>
                <Attribute Name="PROD_NAME" DataType="VARCHAR2" Status="Valid"/>
                <Attribute Name="PROD_EFF_FROM" DataType="DATE" Status="Valid"/>
                <Attribute Name="PROD_EFF_TO" DataType="DATE" Status="Valid"/>
                <Attribute Name="CUST_STREET_ADDRESS" DataType="VARCHAR2" Status="Valid"/>
                <Attribute Name="CUST_FIRST_NAME" DataType="VARCHAR2" Status="Valid"/>
                <Attribute Name="PROD_UNIT_OF_MEASURE" DataType="VARCHAR2" Status="Valid"/>
                <Attribute Name="PROD_VALID" DataType="VARCHAR2" Status="Valid"/>
                <Attribute Name="CUST_EFF_FROM" DataType="DATE" Status="Valid"/>
                <Attribute Name="PROD_CATEGORY_DESC" DataType="VARCHAR2" Status="Valid"/>
                <Attribute Name="PROMO_TOTAL" DataType="VARCHAR2" Status="Valid"/>
                <Attribute Name="PROD_CATEGORY_ID" DataType="NUMBER" Status="Valid"/>
                <Attribute Name="PROD_LIST_PRICE" DataType="NUMBER" Status="Valid"/>
                <Attribute Name="PROMO_NAME" DataType="VARCHAR2" Status="Valid"/>
                <Attribute Name="CUST_CREDIT_LIMIT" DataType="NUMBER" Status="Valid"/>
                <Attribute Name="PROMO_TOTAL_ID" DataType="NUMBER" Status="Valid"/>
                <Attribute Name="COUNTRY_NAME" DataType="VARCHAR2" Status="Valid"/>
                <Attribute Name="PROD_CATEGORY" DataType="VARCHAR2" Status="Valid"/>
                <Attribute Name="CUST_EMAIL" DataType="VARCHAR2" Status="Valid"/>
                <Attribute Name="CHANNEL_ID" DataType="NUMBER" Status="Valid"/>
                <Attribute Name="PROMO_BEGIN_DATE" DataType="DATE" Status="Valid"/>
                <Attribute Name="PROMO_ID" DataType="NUMBER" Status="Valid"/>
                <Attribute Name="PROMO_SUBCATEGORY" DataType="VARCHAR2" Status="Valid"/>
                <Attribute Name="CUST_MAIN_PHONE_NUMBER" DataType="VARCHAR2" Status="Valid"/>
                <Attribute Name="PROD_TOTAL_ID" DataType="NUMBER" Status="Valid"/>
                <Attribute Name="PROMO_END_DATE" DataType="DATE" Status="Valid"/>
                <Attribute Name="AMOUNT_SOLD" DataType="NUMBER" Status="Valid"/>
                <Attribute Name="CUST_MARITAL_STATUS" DataType="VARCHAR2" Status="Valid"/>
                <Attribute Name="TIME_ID" DataType="DATE" Status="Valid"/>
                <Attribute Name="PROD_PACK_SIZE" DataType="VARCHAR2" Status="Valid"/>
                <Attribute Name="PROMO_CATEGORY_ID" DataType="NUMBER" Status="Valid"/>
                <Attribute Name="CUST_STATE_PROVINCE" DataType="VARCHAR2" Status="Valid"/>
                <Attribute Name="PROD_MIN_PRICE" DataType="NUMBER" Status="Valid"/>
                <Attribute Name="CUST_ID2" DataType="NUMBER" Status="Valid"/>
                <Attribute Name="SUPPLIER_ID" DataType="NUMBER" Status="Valid"/>
                <Attribute Name="PROMO_SUBCATEGORY_ID" DataType="NUMBER" Status="Valid"/>
                <Attribute Name="QUANTITY_SOLD" DataType="NUMBER" Status="Valid"/>
                <Attribute Name="CUST_CITY" DataType="VARCHAR2" Status="Valid"/>
                <Attribute Name="PROMO_CATEGORY" DataType="VARCHAR2" Status="Valid"/>
                <Attribute Name="PROD_TOTAL" DataType="VARCHAR2" Status="Valid"/>
                <Attribute Name="PROD_ID1" DataType="NUMBER" Status="Valid"/>
                <Attribute Name="PROMO_COST" DataType="NUMBER" Status="Valid"/>
                <Attribute Name="PROD_ID" DataType="NUMBER" Status="Valid"/>
                <Attribute Name="CUST_EFF_TO" DataType="DATE" Status="Valid"/>
                <Attribute Name="PROMO_ID1" DataType="NUMBER" Status="Valid"/>
                <Attribute Name="CUST_LAST_NAME" DataType="VARCHAR2" Status="Valid"/>
                <Attribute Name="CUST_YEAR_OF_BIRTH" DataType="NUMBER" Status="Valid"/>
                <Attribute Name="PROD_STATUS" DataType="VARCHAR2" Status="Valid"/>
                <Attribute Name="PROD_SUBCATEGORY" DataType="VARCHAR2" Status="Valid"/>
                <Attribute Name="CUST_INCOME_LEVEL" DataType="VARCHAR2" Status="Valid"/>
                <Attribute Name="CUST_GENDER" DataType="CHAR" Status="Valid"/>
                <Attribute Name="PROD_WEIGHT_CLASS" DataType="NUMBER" Status="Valid"/>
                <Attribute Name="PROD_SUBCATEGORY_DESC" DataType="VARCHAR2" Status="Valid"/>
                <Attribute Name="CUST_POSTAL_CODE" DataType="VARCHAR2" Status="Valid"/>
                <Attribute Name="PROD_SRC_ID" DataType="NUMBER" Status="Valid"/>
            </Attributes>
            <SourceTable Schema="" Name="CUST_TRANSACTION_V" Synonym="false"/>
            <JSONColumns/>
            <DataGuideSettings Generate="true" UseFullData="false" UseFullDoc="false">
                <NumberOfRows>2000</NumberOfRows>
                <NumberOfValues>10000</NumberOfValues>
            </DataGuideSettings>
        </DataSource>
        <CreateTable TableName="CUST_CLUSTER_RESULTS" Table="true" AutoSpec="Yes" Id="10025" Name="SANT_CLUS_OUTPUT" Status="Complete">
            <Icon XCOORD="700" YCOORD="546"></Icon>
            <Messages/>
            <Parallelism Enable="false">
                <SystemDetermined/>
            </Parallelism>
            <CacheSettings UseFullData="false" GenerateCache="false">
                <NumberOfRows>2000</NumberOfRows>
                <Method>
                    <TopN/>
                </Method>
            </CacheSettings>
            <SQLExpression>"N$10025" AS ( SELECT  "CLUS_KM_1_8_CLID" ,
 "CLUS_KM_1_8_PROB" ,
 "CUST_ID"  FROM "CUST_CLUSTER_RESULTS")</SQLExpression>
            <DBAttributes>
                <DBAttribute Key="No" Index="No" Name="CLUS_KM_1_8_CLID" DataType="NUMBER" Status="Valid"/>
                <DBAttribute Key="No" Index="No" Name="CLUS_KM_1_8_PROB" DataType="BINARY_DOUBLE" Status="Valid"/>
                <DBAttribute Key="No" Index="No" Name="CUST_ID" DataType="NUMBER" Status="Valid"/>
            </DBAttributes>
            <JSONColumns/>
        </CreateTable>
        <Transformation Id="10012" Name="Transform" Status="Complete">
            <Icon XCOORD="567" YCOORD="204"></Icon>
            <Messages/>
            <Parallelism Enable="false">
                <SystemDetermined/>
            </Parallelism>
            <CacheSettings UseFullData="false" GenerateCache="false">
                <NumberOfRows>2000</NumberOfRows>
                <Method>
                    <TopN/>
                </Method>
            </CacheSettings>
            <SQLExpression>"N$10012" AS ( SELECT "CUST_VALID",
  "PROD_NAME",
  "PROD_EFF_FROM",
  "PROD_EFF_TO",
  "CUST_STREET_ADDRESS",
  "CUST_FIRST_NAME",
  "PROD_UNIT_OF_MEASURE",
  "PROD_VALID",
  "CUST_EFF_FROM",
  "PROMO_TOTAL",
  "PROD_LIST_PRICE",
  "PROMO_NAME",
  "CUST_CREDIT_LIMIT",
  "COUNTRY_NAME",
  "PROD_CATEGORY",
  "CUST_EMAIL",
  "PROMO_BEGIN_DATE",
  "PROMO_SUBCATEGORY",
  "CUST_MAIN_PHONE_NUMBER",
  "PROMO_END_DATE",
  "AMOUNT_SOLD",
  "CUST_MARITAL_STATUS",
  "PROD_PACK_SIZE",
  "CUST_STATE_PROVINCE",
  "PROD_MIN_PRICE",
  "QUANTITY_SOLD",
  "CUST_CITY",
  "PROMO_CATEGORY",
  "PROD_TOTAL",
  "PROMO_COST",
  "CUST_EFF_TO",
  "CUST_LAST_NAME",
  "CUST_YEAR_OF_BIRTH",
  "PROD_STATUS",
  "PROD_SUBCATEGORY",
  "CUST_INCOME_LEVEL",
  "CUST_GENDER",
  "PROD_WEIGHT_CLASS",
  "CUST_POSTAL_CODE",TO_CHAR("CUST_YEAR_OF_BIRTH") as "TRNSF_CUST_YEAR_OF_BIRTH",TO_CHAR(RFM_COMBINED) as "TRNSF_RFM_COMBINED" FROM {INPUT_SOURCE} ) </SQLExpression>
            <TransformationSourceAttributes>
                <TransformationSourceAttributeType Name="CUST_ID" DataType="NUMBER" Status="Valid">
                    <IsOutput>false</IsOutput>
                </TransformationSourceAttributeType>
                <TransformationSourceAttributeType Name="CUST_VALID" DataType="VARCHAR2" Status="Valid">
                    <IsOutput>true</IsOutput>
                </TransformationSourceAttributeType>
                <TransformationSourceAttributeType Name="PROD_SUBCATEGORY_ID" DataType="NUMBER" Status="Valid">
                    <IsOutput>false</IsOutput>
                </TransformationSourceAttributeType>
                <TransformationSourceAttributeType Name="PROD_DESC" DataType="VARCHAR2" Status="Valid">
                    <IsOutput>false</IsOutput>
                </TransformationSourceAttributeType>
                <TransformationSourceAttributeType Name="PROD_NAME" DataType="VARCHAR2" Status="Valid">
                    <IsOutput>true</IsOutput>
                </TransformationSourceAttributeType>
                <TransformationSourceAttributeType Name="PROD_EFF_FROM" DataType="DATE" Status="Valid">
                    <IsOutput>true</IsOutput>
                </TransformationSourceAttributeType>
                <TransformationSourceAttributeType Name="PROD_EFF_TO" DataType="DATE" Status="Valid">
                    <IsOutput>true</IsOutput>
                </TransformationSourceAttributeType>
                <TransformationSourceAttributeType Name="CUST_STREET_ADDRESS" DataType="VARCHAR2" Status="Valid">
                    <IsOutput>true</IsOutput>
                </TransformationSourceAttributeType>
                <TransformationSourceAttributeType Name="CUST_FIRST_NAME" DataType="VARCHAR2" Status="Valid">
                    <IsOutput>true</IsOutput>
                </TransformationSourceAttributeType>
                <TransformationSourceAttributeType Name="PROD_UNIT_OF_MEASURE" DataType="VARCHAR2" Status="Valid">
                    <IsOutput>true</IsOutput>
                </TransformationSourceAttributeType>
                <TransformationSourceAttributeType Name="PROD_VALID" DataType="VARCHAR2" Status="Valid">
                    <IsOutput>true</IsOutput>
                </TransformationSourceAttributeType>
                <TransformationSourceAttributeType Name="CUST_EFF_FROM" DataType="DATE" Status="Valid">
                    <IsOutput>true</IsOutput>
                </TransformationSourceAttributeType>
                <TransformationSourceAttributeType Name="PROD_CATEGORY_DESC" DataType="VARCHAR2" Status="Valid">
                    <IsOutput>false</IsOutput>
                </TransformationSourceAttributeType>
                <TransformationSourceAttributeType Name="PROMO_TOTAL" DataType="VARCHAR2" Status="Valid">
                    <IsOutput>true</IsOutput>
                </TransformationSourceAttributeType>
                <TransformationSourceAttributeType Name="PROD_CATEGORY_ID" DataType="NUMBER" Status="Valid">
                    <IsOutput>false</IsOutput>
                </TransformationSourceAttributeType>
                <TransformationSourceAttributeType Name="PROD_LIST_PRICE" DataType="NUMBER" Status="Valid">
                    <IsOutput>true</IsOutput>
                </TransformationSourceAttributeType>
                <TransformationSourceAttributeType Name="PROMO_NAME" DataType="VARCHAR2" Status="Valid">
                    <IsOutput>true</IsOutput>
                </TransformationSourceAttributeType>
                <TransformationSourceAttributeType Name="CUST_CREDIT_LIMIT" DataType="NUMBER" Status="Valid">
                    <IsOutput>true</IsOutput>
                </TransformationSourceAttributeType>
                <TransformationSourceAttributeType Name="PROMO_TOTAL_ID" DataType="NUMBER" Status="Valid">
                    <IsOutput>false</IsOutput>
                </TransformationSourceAttributeType>
                <TransformationSourceAttributeType Name="COUNTRY_NAME" DataType="VARCHAR2" Status="Valid">
                    <IsOutput>true</IsOutput>
                </TransformationSourceAttributeType>
                <TransformationSourceAttributeType Name="PROD_CATEGORY" DataType="VARCHAR2" Status="Valid">
                    <IsOutput>true</IsOutput>
                </TransformationSourceAttributeType>
                <TransformationSourceAttributeType Name="CUST_EMAIL" DataType="VARCHAR2" Status="Valid">
                    <IsOutput>true</IsOutput>
                </TransformationSourceAttributeType>
                <TransformationSourceAttributeType Name="CHANNEL_ID" DataType="NUMBER" Status="Valid">
                    <IsOutput>false</IsOutput>
                </TransformationSourceAttributeType>
                <TransformationSourceAttributeType Name="PROMO_BEGIN_DATE" DataType="DATE" Status="Valid">
                    <IsOutput>true</IsOutput>
                </TransformationSourceAttributeType>
                <TransformationSourceAttributeType Name="PROMO_ID" DataType="NUMBER" Status="Valid">
                    <IsOutput>false</IsOutput>
                </TransformationSourceAttributeType>
                <TransformationSourceAttributeType Name="PROMO_SUBCATEGORY" DataType="VARCHAR2" Status="Valid">
                    <IsOutput>true</IsOutput>
                </TransformationSourceAttributeType>
                <TransformationSourceAttributeType Name="CUST_MAIN_PHONE_NUMBER" DataType="VARCHAR2" Status="Valid">
                    <IsOutput>true</IsOutput>
                </TransformationSourceAttributeType>
                <TransformationSourceAttributeType Name="PROD_TOTAL_ID" DataType="NUMBER" Status="Valid">
                    <IsOutput>false</IsOutput>
                </TransformationSourceAttributeType>
                <TransformationSourceAttributeType Name="PROMO_END_DATE" DataType="DATE" Status="Valid">
                    <IsOutput>true</IsOutput>
                </TransformationSourceAttributeType>
                <TransformationSourceAttributeType Name="AMOUNT_SOLD" DataType="NUMBER" Status="Valid">
                    <IsOutput>true</IsOutput>
                </TransformationSourceAttributeType>
                <TransformationSourceAttributeType Name="CUST_MARITAL_STATUS" DataType="VARCHAR2" Status="Valid">
                    <IsOutput>true</IsOutput>
                </TransformationSourceAttributeType>
                <TransformationSourceAttributeType Name="TIME_ID" DataType="DATE" Status="Valid">
                    <IsOutput>false</IsOutput>
                </TransformationSourceAttributeType>
                <TransformationSourceAttributeType Name="PROD_PACK_SIZE" DataType="VARCHAR2" Status="Valid">
                    <IsOutput>true</IsOutput>
                </TransformationSourceAttributeType>
                <TransformationSourceAttributeType Name="PROMO_CATEGORY_ID" DataType="NUMBER" Status="Valid">
                    <IsOutput>false</IsOutput>
                </TransformationSourceAttributeType>
                <TransformationSourceAttributeType Name="CUST_STATE_PROVINCE" DataType="VARCHAR2" Status="Valid">
                    <IsOutput>true</IsOutput>
                </TransformationSourceAttributeType>
                <TransformationSourceAttributeType Name="PROD_MIN_PRICE" DataType="NUMBER" Status="Valid">
                    <IsOutput>true</IsOutput>
                </TransformationSourceAttributeType>
                <TransformationSourceAttributeType Name="CUST_ID2" DataType="NUMBER" Status="Valid">
                    <IsOutput>false</IsOutput>
                </TransformationSourceAttributeType>
                <TransformationSourceAttributeType Name="SUPPLIER_ID" DataType="NUMBER" Status="Valid">
                    <IsOutput>false</IsOutput>
                </TransformationSourceAttributeType>
                <TransformationSourceAttributeType Name="PROMO_SUBCATEGORY_ID" DataType="NUMBER" Status="Valid">
                    <IsOutput>false</IsOutput>
                </TransformationSourceAttributeType>
                <TransformationSourceAttributeType Name="QUANTITY_SOLD" DataType="NUMBER" Status="Valid">
                    <IsOutput>true</IsOutput>
                </TransformationSourceAttributeType>
                <TransformationSourceAttributeType Name="CUST_CITY" DataType="VARCHAR2" Status="Valid">
                    <IsOutput>true</IsOutput>
                </TransformationSourceAttributeType>
                <TransformationSourceAttributeType Name="PROMO_CATEGORY" DataType="VARCHAR2" Status="Valid">
                    <IsOutput>true</IsOutput>
                </TransformationSourceAttributeType>
                <TransformationSourceAttributeType Name="PROD_TOTAL" DataType="VARCHAR2" Status="Valid">
                    <IsOutput>true</IsOutput>
                </TransformationSourceAttributeType>
                <TransformationSourceAttributeType Name="PROD_ID1" DataType="NUMBER" Status="Valid">
                    <IsOutput>false</IsOutput>
                </TransformationSourceAttributeType>
                <TransformationSourceAttributeType Name="PROMO_COST" DataType="NUMBER" Status="Valid">
                    <IsOutput>true</IsOutput>
                </TransformationSourceAttributeType>
                <TransformationSourceAttributeType Name="PROD_ID" DataType="NUMBER" Status="Valid">
                    <IsOutput>false</IsOutput>
                </TransformationSourceAttributeType>
                <TransformationSourceAttributeType Name="CUST_EFF_TO" DataType="DATE" Status="Valid">
                    <IsOutput>true</IsOutput>
                </TransformationSourceAttributeType>
                <TransformationSourceAttributeType Name="PROMO_ID1" DataType="NUMBER" Status="Valid">
                    <IsOutput>false</IsOutput>
                </TransformationSourceAttributeType>
                <TransformationSourceAttributeType Name="CUST_LAST_NAME" DataType="VARCHAR2" Status="Valid">
                    <IsOutput>true</IsOutput>
                </TransformationSourceAttributeType>
                <TransformationSourceAttributeType Name="CUST_YEAR_OF_BIRTH" DataType="NUMBER" Status="Valid">
                    <IsOutput>true</IsOutput>
                </TransformationSourceAttributeType>
                <TransformationSourceAttributeType Name="PROD_STATUS" DataType="VARCHAR2" Status="Valid">
                    <IsOutput>true</IsOutput>
                </TransformationSourceAttributeType>
                <TransformationSourceAttributeType Name="PROD_SUBCATEGORY" DataType="VARCHAR2" Status="Valid">
                    <IsOutput>true</IsOutput>
                </TransformationSourceAttributeType>
                <TransformationSourceAttributeType Name="CUST_INCOME_LEVEL" DataType="VARCHAR2" Status="Valid">
                    <IsOutput>true</IsOutput>
                </TransformationSourceAttributeType>
                <TransformationSourceAttributeType Name="CUST_GENDER" DataType="CHAR" Status="Valid">
                    <IsOutput>true</IsOutput>
                </TransformationSourceAttributeType>
                <TransformationSourceAttributeType Name="PROD_WEIGHT_CLASS" DataType="NUMBER" Status="Valid">
                    <IsOutput>true</IsOutput>
                </TransformationSourceAttributeType>
                <TransformationSourceAttributeType Name="PROD_SUBCATEGORY_DESC" DataType="VARCHAR2" Status="Valid">
                    <IsOutput>false</IsOutput>
                </TransformationSourceAttributeType>
                <TransformationSourceAttributeType Name="CUST_POSTAL_CODE" DataType="VARCHAR2" Status="Valid">
                    <IsOutput>true</IsOutput>
                </TransformationSourceAttributeType>
                <TransformationSourceAttributeType Name="PROD_SRC_ID" DataType="NUMBER" Status="Valid">
                    <IsOutput>false</IsOutput>
                </TransformationSourceAttributeType>
                <TransformationSourceAttributeType Name="CUST_ID1" DataType="NUMBER" Status="Valid">
                    <IsOutput>false</IsOutput>
                </TransformationSourceAttributeType>
                <TransformationSourceAttributeType Name="RFM_RECENCY" DataType="NUMBER" Status="Valid">
                    <IsOutput>false</IsOutput>
                </TransformationSourceAttributeType>
                <TransformationSourceAttributeType Name="RFM_FREQUENCY" DataType="NUMBER" Status="Valid">
                    <IsOutput>false</IsOutput>
                </TransformationSourceAttributeType>
                <TransformationSourceAttributeType Name="RFM_MONETARY" DataType="NUMBER" Status="Valid">
                    <IsOutput>false</IsOutput>
                </TransformationSourceAttributeType>
                <TransformationSourceAttributeType Name="RFM_COMBINED" DataType="NUMBER" Status="Valid">
                    <IsOutput>false</IsOutput>
                </TransformationSourceAttributeType>
            </TransformationSourceAttributes>
            <TransformedAttributes>
                <MapTransformedSourceType>
                    <key Name="TRNSF_CUST_YEAR_OF_BIRTH" DataType="VARCHAR2" Status="Valid">
                        <IsOutput>true</IsOutput>
                        <TransformationElementType>
                            <CustomTransformationEx>TO_CHAR("CUST_YEAR_OF_BIRTH")</CustomTransformationEx>
                        </TransformationElementType>
                        <Modified>false</Modified>
                    </key>
                    <StringCollectionNames/>
                </MapTransformedSourceType>
                <MapTransformedSourceType>
                    <key Name="TRNSF_RFM_FREQUENCY" DataType="VARCHAR2" Status="Valid">
                        <IsOutput>false</IsOutput>
                        <TransformationElementType>
                            <CustomTransformationEx> TO_CHAR("RFM_FREQUENCY")</CustomTransformationEx>
                        </TransformationElementType>
                        <Modified>false</Modified>
                    </key>
                    <StringCollectionNames/>
                </MapTransformedSourceType>
                <MapTransformedSourceType>
                    <key Name="TRNSF_RFM_MONETARY" DataType="VARCHAR2" Status="Valid">
                        <IsOutput>false</IsOutput>
                        <TransformationElementType>
                            <CustomTransformationEx>TO_CHAR("RFM_MONETARY")</CustomTransformationEx>
                        </TransformationElementType>
                        <Modified>false</Modified>
                    </key>
                    <StringCollectionNames/>
                </MapTransformedSourceType>
                <MapTransformedSourceType>
                    <key Name="TRNSF_RFM_RECENCY" DataType="VARCHAR2" Status="Valid">
                        <IsOutput>false</IsOutput>
                        <TransformationElementType>
                            <CustomTransformationEx>TO_CHAR(RFM_RECENCY)</CustomTransformationEx>
                        </TransformationElementType>
                        <Modified>false</Modified>
                    </key>
                    <StringCollectionNames/>
                </MapTransformedSourceType>
                <MapTransformedSourceType>
                    <key Name="TRNSF_RFM_COMBINED" DataType="VARCHAR2" Status="Valid">
                        <IsOutput>true</IsOutput>
                        <TransformationElementType>
                            <CustomTransformationEx>TO_CHAR(RFM_COMBINED)</CustomTransformationEx>
                        </TransformationElementType>
                        <Modified>false</Modified>
                    </key>
                    <StringCollectionNames/>
                </MapTransformedSourceType>
            </TransformedAttributes>
            <DataProfileSettings>
                <NumericalBins>10</NumericalBins>
                <CategoricalBins>10</CategoricalBins>
                <DateBins>10</DateBins>
            </DataProfileSettings>
            <SampleSettings UseFullData="false" GenerateCache="true">
                <NumberOfRows>2000</NumberOfRows>
                <Method>
                    <Random Seed="12345"/>
                </Method>
                <OutputTable Name="ODMR$20_33_57_487000FOGNUMC" CreationDate="2016-06-03T20:34:03"/>
            </SampleSettings>
            
            <StatsSelection percentdistinct="true" percentnull="true" max="true" min="true" avg="true" std="true" var="true" kurtosis="false" median="true" skewness="false" mode="true" modesampled="true" modeall="false" histogram="true" rowcount="2013"/>
        </Transformation>
        <Join UseCartesian="false" Id="10009" Name="Join" Status="Complete">
            <Icon XCOORD="412" YCOORD="200"></Icon>
            <Messages/>
            <Parallelism Enable="false">
                <SystemDetermined/>
            </Parallelism>
            <CacheSettings UseFullData="false" GenerateCache="false">
                <NumberOfRows>2000</NumberOfRows>
                <Method>
                    <TopN/>
                </Method>
            </CacheSettings>
            <SQLExpression>"N$10009" as (SELECT 
"CUST_TRANSACTION_V"."CUST_ID"
, "CUST_TRANSACTION_V"."CUST_VALID"
, "CUST_TRANSACTION_V"."PROD_SUBCATEGORY_ID"
, "CUST_TRANSACTION_V"."PROD_DESC"
, "CUST_TRANSACTION_V"."PROD_NAME"
, "CUST_TRANSACTION_V"."PROD_EFF_FROM"
, "CUST_TRANSACTION_V"."PROD_EFF_TO"
, "CUST_TRANSACTION_V"."CUST_STREET_ADDRESS"
, "CUST_TRANSACTION_V"."CUST_FIRST_NAME"
, "CUST_TRANSACTION_V"."PROD_UNIT_OF_MEASURE"
, "CUST_TRANSACTION_V"."PROD_VALID"
, "CUST_TRANSACTION_V"."CUST_EFF_FROM"
, "CUST_TRANSACTION_V"."PROD_CATEGORY_DESC"
, "CUST_TRANSACTION_V"."PROMO_TOTAL"
, "CUST_TRANSACTION_V"."PROD_CATEGORY_ID"
, "CUST_TRANSACTION_V"."PROD_LIST_PRICE"
, "CUST_TRANSACTION_V"."PROMO_NAME"
, "CUST_TRANSACTION_V"."CUST_CREDIT_LIMIT"
, "CUST_TRANSACTION_V"."PROMO_TOTAL_ID"
, "CUST_TRANSACTION_V"."COUNTRY_NAME"
, "CUST_TRANSACTION_V"."PROD_CATEGORY"
, "CUST_TRANSACTION_V"."CUST_EMAIL"
, "CUST_TRANSACTION_V"."CHANNEL_ID"
, "CUST_TRANSACTION_V"."PROMO_BEGIN_DATE"
, "CUST_TRANSACTION_V"."PROMO_ID"
, "CUST_TRANSACTION_V"."PROMO_SUBCATEGORY"
, "CUST_TRANSACTION_V"."CUST_MAIN_PHONE_NUMBER"
, "CUST_TRANSACTION_V"."PROD_TOTAL_ID"
, "CUST_TRANSACTION_V"."PROMO_END_DATE"
, "CUST_TRANSACTION_V"."AMOUNT_SOLD"
, "CUST_TRANSACTION_V"."CUST_MARITAL_STATUS"
, "CUST_TRANSACTION_V"."TIME_ID"
, "CUST_TRANSACTION_V"."PROD_PACK_SIZE"
, "CUST_TRANSACTION_V"."PROMO_CATEGORY_ID"
, "CUST_TRANSACTION_V"."CUST_STATE_PROVINCE"
, "CUST_TRANSACTION_V"."PROD_MIN_PRICE"
, "CUST_TRANSACTION_V"."CUST_ID2"
, "CUST_TRANSACTION_V"."SUPPLIER_ID"
, "CUST_TRANSACTION_V"."PROMO_SUBCATEGORY_ID"
, "CUST_TRANSACTION_V"."QUANTITY_SOLD"
, "CUST_TRANSACTION_V"."CUST_CITY"
, "CUST_TRANSACTION_V"."PROMO_CATEGORY"
, "CUST_TRANSACTION_V"."PROD_TOTAL"
, "CUST_TRANSACTION_V"."PROD_ID1"
, "CUST_TRANSACTION_V"."PROMO_COST"
, "CUST_TRANSACTION_V"."PROD_ID"
, "CUST_TRANSACTION_V"."CUST_EFF_TO"
, "CUST_TRANSACTION_V"."PROMO_ID1"
, "CUST_TRANSACTION_V"."CUST_LAST_NAME"
, "CUST_TRANSACTION_V"."CUST_YEAR_OF_BIRTH"
, "CUST_TRANSACTION_V"."PROD_STATUS"
, "CUST_TRANSACTION_V"."PROD_SUBCATEGORY"
, "CUST_TRANSACTION_V"."CUST_INCOME_LEVEL"
, "CUST_TRANSACTION_V"."CUST_GENDER"
, "CUST_TRANSACTION_V"."PROD_WEIGHT_CLASS"
, "CUST_TRANSACTION_V"."PROD_SUBCATEGORY_DESC"
, "CUST_TRANSACTION_V"."CUST_POSTAL_CODE"
, "CUST_TRANSACTION_V"."PROD_SRC_ID"
, "Filter Rows"."CUST_ID" "CUST_ID1"
, "Filter Rows"."RFM_RECENCY"
, "Filter Rows"."RFM_FREQUENCY"
, "Filter Rows"."RFM_MONETARY"
, "Filter Rows"."RFM_COMBINED"

FROM
{INPUT_SOURCE:10008} "CUST_TRANSACTION_V"
INNER JOIN {INPUT_SOURCE:10004} "Filter Rows"
ON "CUST_TRANSACTION_V"."CUST_ID" = "Filter Rows"."CUST_ID"

 )</SQLExpression>
            <KeyColumns AutoSpec="No">
                <JoinColumn Type="Inner">
                    <LeftColumn NodeId="10008" NodeName="CUST_TRANSACTION_V" Key="Yes" Name="CUST_ID" DataType="NUMBER" Status="Valid"/>
                    <RightColumn NodeId="10004" NodeName="Filter Rows" Key="Yes" Name="CUST_ID" DataType="NUMBER" Status="Valid"/>
                </JoinColumn>
            </KeyColumns>
            <OutputColumns AutoSpec="Yes">
                <RefDBColumn NodeId="10008" NodeName="CUST_TRANSACTION_V" Name="CUST_ID" DataType="NUMBER" Status="Valid"/>
                <RefDBColumn NodeId="10008" NodeName="CUST_TRANSACTION_V" Name="CUST_VALID" DataType="VARCHAR2" Status="Valid"/>
                <RefDBColumn NodeId="10008" NodeName="CUST_TRANSACTION_V" Name="PROD_SUBCATEGORY_ID" DataType="NUMBER" Status="Valid"/>
                <RefDBColumn NodeId="10008" NodeName="CUST_TRANSACTION_V" Name="PROD_DESC" DataType="VARCHAR2" Status="Valid"/>
                <RefDBColumn NodeId="10008" NodeName="CUST_TRANSACTION_V" Name="PROD_NAME" DataType="VARCHAR2" Status="Valid"/>
                <RefDBColumn NodeId="10008" NodeName="CUST_TRANSACTION_V" Name="PROD_EFF_FROM" DataType="DATE" Status="Valid"/>
                <RefDBColumn NodeId="10008" NodeName="CUST_TRANSACTION_V" Name="PROD_EFF_TO" DataType="DATE" Status="Valid"/>
                <RefDBColumn NodeId="10008" NodeName="CUST_TRANSACTION_V" Name="CUST_STREET_ADDRESS" DataType="VARCHAR2" Status="Valid"/>
                <RefDBColumn NodeId="10008" NodeName="CUST_TRANSACTION_V" Name="CUST_FIRST_NAME" DataType="VARCHAR2" Status="Valid"/>
                <RefDBColumn NodeId="10008" NodeName="CUST_TRANSACTION_V" Name="PROD_UNIT_OF_MEASURE" DataType="VARCHAR2" Status="Valid"/>
                <RefDBColumn NodeId="10008" NodeName="CUST_TRANSACTION_V" Name="PROD_VALID" DataType="VARCHAR2" Status="Valid"/>
                <RefDBColumn NodeId="10008" NodeName="CUST_TRANSACTION_V" Name="CUST_EFF_FROM" DataType="DATE" Status="Valid"/>
                <RefDBColumn NodeId="10008" NodeName="CUST_TRANSACTION_V" Name="PROD_CATEGORY_DESC" DataType="VARCHAR2" Status="Valid"/>
                <RefDBColumn NodeId="10008" NodeName="CUST_TRANSACTION_V" Name="PROMO_TOTAL" DataType="VARCHAR2" Status="Valid"/>
                <RefDBColumn NodeId="10008" NodeName="CUST_TRANSACTION_V" Name="PROD_CATEGORY_ID" DataType="NUMBER" Status="Valid"/>
                <RefDBColumn NodeId="10008" NodeName="CUST_TRANSACTION_V" Name="PROD_LIST_PRICE" DataType="NUMBER" Status="Valid"/>
                <RefDBColumn NodeId="10008" NodeName="CUST_TRANSACTION_V" Name="PROMO_NAME" DataType="VARCHAR2" Status="Valid"/>
                <RefDBColumn NodeId="10008" NodeName="CUST_TRANSACTION_V" Name="CUST_CREDIT_LIMIT" DataType="NUMBER" Status="Valid"/>
                <RefDBColumn NodeId="10008" NodeName="CUST_TRANSACTION_V" Name="PROMO_TOTAL_ID" DataType="NUMBER" Status="Valid"/>
                <RefDBColumn NodeId="10008" NodeName="CUST_TRANSACTION_V" Name="COUNTRY_NAME" DataType="VARCHAR2" Status="Valid"/>
                <RefDBColumn NodeId="10008" NodeName="CUST_TRANSACTION_V" Name="PROD_CATEGORY" DataType="VARCHAR2" Status="Valid"/>
                <RefDBColumn NodeId="10008" NodeName="CUST_TRANSACTION_V" Name="CUST_EMAIL" DataType="VARCHAR2" Status="Valid"/>
                <RefDBColumn NodeId="10008" NodeName="CUST_TRANSACTION_V" Name="CHANNEL_ID" DataType="NUMBER" Status="Valid"/>
                <RefDBColumn NodeId="10008" NodeName="CUST_TRANSACTION_V" Name="PROMO_BEGIN_DATE" DataType="DATE" Status="Valid"/>
                <RefDBColumn NodeId="10008" NodeName="CUST_TRANSACTION_V" Name="PROMO_ID" DataType="NUMBER" Status="Valid"/>
                <RefDBColumn NodeId="10008" NodeName="CUST_TRANSACTION_V" Name="PROMO_SUBCATEGORY" DataType="VARCHAR2" Status="Valid"/>
                <RefDBColumn NodeId="10008" NodeName="CUST_TRANSACTION_V" Name="CUST_MAIN_PHONE_NUMBER" DataType="VARCHAR2" Status="Valid"/>
                <RefDBColumn NodeId="10008" NodeName="CUST_TRANSACTION_V" Name="PROD_TOTAL_ID" DataType="NUMBER" Status="Valid"/>
                <RefDBColumn NodeId="10008" NodeName="CUST_TRANSACTION_V" Name="PROMO_END_DATE" DataType="DATE" Status="Valid"/>
                <RefDBColumn NodeId="10008" NodeName="CUST_TRANSACTION_V" Name="AMOUNT_SOLD" DataType="NUMBER" Status="Valid"/>
                <RefDBColumn NodeId="10008" NodeName="CUST_TRANSACTION_V" Name="CUST_MARITAL_STATUS" DataType="VARCHAR2" Status="Valid"/>
                <RefDBColumn NodeId="10008" NodeName="CUST_TRANSACTION_V" Name="TIME_ID" DataType="DATE" Status="Valid"/>
                <RefDBColumn NodeId="10008" NodeName="CUST_TRANSACTION_V" Name="PROD_PACK_SIZE" DataType="VARCHAR2" Status="Valid"/>
                <RefDBColumn NodeId="10008" NodeName="CUST_TRANSACTION_V" Name="PROMO_CATEGORY_ID" DataType="NUMBER" Status="Valid"/>
                <RefDBColumn NodeId="10008" NodeName="CUST_TRANSACTION_V" Name="CUST_STATE_PROVINCE" DataType="VARCHAR2" Status="Valid"/>
                <RefDBColumn NodeId="10008" NodeName="CUST_TRANSACTION_V" Name="PROD_MIN_PRICE" DataType="NUMBER" Status="Valid"/>
                <RefDBColumn NodeId="10008" NodeName="CUST_TRANSACTION_V" Name="CUST_ID2" DataType="NUMBER" Status="Valid"/>
                <RefDBColumn NodeId="10008" NodeName="CUST_TRANSACTION_V" Name="SUPPLIER_ID" DataType="NUMBER" Status="Valid"/>
                <RefDBColumn NodeId="10008" NodeName="CUST_TRANSACTION_V" Name="PROMO_SUBCATEGORY_ID" DataType="NUMBER" Status="Valid"/>
                <RefDBColumn NodeId="10008" NodeName="CUST_TRANSACTION_V" Name="QUANTITY_SOLD" DataType="NUMBER" Status="Valid"/>
                <RefDBColumn NodeId="10008" NodeName="CUST_TRANSACTION_V" Name="CUST_CITY" DataType="VARCHAR2" Status="Valid"/>
                <RefDBColumn NodeId="10008" NodeName="CUST_TRANSACTION_V" Name="PROMO_CATEGORY" DataType="VARCHAR2" Status="Valid"/>
                <RefDBColumn NodeId="10008" NodeName="CUST_TRANSACTION_V" Name="PROD_TOTAL" DataType="VARCHAR2" Status="Valid"/>
                <RefDBColumn NodeId="10008" NodeName="CUST_TRANSACTION_V" Name="PROD_ID1" DataType="NUMBER" Status="Valid"/>
                <RefDBColumn NodeId="10008" NodeName="CUST_TRANSACTION_V" Name="PROMO_COST" DataType="NUMBER" Status="Valid"/>
                <RefDBColumn NodeId="10008" NodeName="CUST_TRANSACTION_V" Name="PROD_ID" DataType="NUMBER" Status="Valid"/>
                <RefDBColumn NodeId="10008" NodeName="CUST_TRANSACTION_V" Name="CUST_EFF_TO" DataType="DATE" Status="Valid"/>
                <RefDBColumn NodeId="10008" NodeName="CUST_TRANSACTION_V" Name="PROMO_ID1" DataType="NUMBER" Status="Valid"/>
                <RefDBColumn NodeId="10008" NodeName="CUST_TRANSACTION_V" Name="CUST_LAST_NAME" DataType="VARCHAR2" Status="Valid"/>
                <RefDBColumn NodeId="10008" NodeName="CUST_TRANSACTION_V" Name="CUST_YEAR_OF_BIRTH" DataType="NUMBER" Status="Valid"/>
                <RefDBColumn NodeId="10008" NodeName="CUST_TRANSACTION_V" Name="PROD_STATUS" DataType="VARCHAR2" Status="Valid"/>
                <RefDBColumn NodeId="10008" NodeName="CUST_TRANSACTION_V" Name="PROD_SUBCATEGORY" DataType="VARCHAR2" Status="Valid"/>
                <RefDBColumn NodeId="10008" NodeName="CUST_TRANSACTION_V" Name="CUST_INCOME_LEVEL" DataType="VARCHAR2" Status="Valid"/>
                <RefDBColumn NodeId="10008" NodeName="CUST_TRANSACTION_V" Name="CUST_GENDER" DataType="CHAR" Status="Valid"/>
                <RefDBColumn NodeId="10008" NodeName="CUST_TRANSACTION_V" Name="PROD_WEIGHT_CLASS" DataType="NUMBER" Status="Valid"/>
                <RefDBColumn NodeId="10008" NodeName="CUST_TRANSACTION_V" Name="PROD_SUBCATEGORY_DESC" DataType="VARCHAR2" Status="Valid"/>
                <RefDBColumn NodeId="10008" NodeName="CUST_TRANSACTION_V" Name="CUST_POSTAL_CODE" DataType="VARCHAR2" Status="Valid"/>
                <RefDBColumn NodeId="10008" NodeName="CUST_TRANSACTION_V" Name="PROD_SRC_ID" DataType="NUMBER" Status="Valid"/>
                <RefDBColumn NodeId="10004" NodeName="Filter Rows" Name="CUST_ID" DataType="NUMBER" Status="Valid" Alias="CUST_ID1"/>
                <RefDBColumn NodeId="10004" NodeName="Filter Rows" Name="RFM_RECENCY" DataType="NUMBER" Status="Valid"/>
                <RefDBColumn NodeId="10004" NodeName="Filter Rows" Name="RFM_FREQUENCY" DataType="NUMBER" Status="Valid"/>
                <RefDBColumn NodeId="10004" NodeName="Filter Rows" Name="RFM_MONETARY" DataType="NUMBER" Status="Valid"/>
                <RefDBColumn NodeId="10004" NodeName="Filter Rows" Name="RFM_COMBINED" DataType="NUMBER" Status="Valid"/>
            </OutputColumns>
        </Join>
        <RowFilter Id="10004" Name="Filter Rows" Status="Complete">
            <Icon XCOORD="410" YCOORD="76"></Icon>
            <Messages/>
            <Parallelism Enable="false">
                <SystemDetermined/>
            </Parallelism>
            <CacheSettings UseFullData="false" GenerateCache="false">
                <NumberOfRows>2000</NumberOfRows>
                <Method>
                    <TopN/>
                </Method>
            </CacheSettings>
            <SQLExpression>"N$10004" as (SELECT 
"CUST_ID"
, "RFM_RECENCY"
, "RFM_FREQUENCY"
, "RFM_MONETARY"
, "RFM_COMBINED"

FROM
{INPUT_SOURCE}
WHERE
"RFM_FREQUENCY"  &gt;= 4 
AND "RFM_MONETARY" &gt;=4
AND "RFM_RECENCY" &lt;=3 )</SQLExpression>
            <OutputColumns>
                <Attribute Name="CUST_ID" DataType="NUMBER" Status="Valid"/>
                <Attribute Name="RFM_RECENCY" DataType="NUMBER" Status="Valid"/>
                <Attribute Name="RFM_FREQUENCY" DataType="NUMBER" Status="Valid"/>
                <Attribute Name="RFM_MONETARY" DataType="NUMBER" Status="Valid"/>
                <Attribute Name="RFM_COMBINED" DataType="NUMBER" Status="Valid"/>
            </OutputColumns>
            <Filter>"RFM_FREQUENCY"  &gt;= 4 
AND "RFM_MONETARY" &gt;=4
AND "RFM_RECENCY" &lt;=3</Filter>
        </RowFilter>
        <RowFilter Id="10014" Name="Filter Rows 1" Status="Complete">
            <Icon XCOORD="567" YCOORD="330"></Icon>
            <Messages/>
            <Parallelism Enable="false">
                <SystemDetermined/>
            </Parallelism>
            <CacheSettings UseFullData="false" GenerateCache="false">
                <NumberOfRows>2000</NumberOfRows>
                <Method>
                    <TopN/>
                </Method>
            </CacheSettings>
            <SQLExpression>"N$10014" as (SELECT 
"CUST_VALID"
, "PROD_NAME"
, "PROD_EFF_FROM"
, "PROD_EFF_TO"
, "CUST_STREET_ADDRESS"
, "CUST_FIRST_NAME"
, "PROD_UNIT_OF_MEASURE"
, "PROD_VALID"
, "CUST_EFF_FROM"
, "PROMO_TOTAL"
, "PROD_LIST_PRICE"
, "PROMO_NAME"
, "CUST_CREDIT_LIMIT"
, "COUNTRY_NAME"
, "PROD_CATEGORY"
, "CUST_EMAIL"
, "PROMO_BEGIN_DATE"
, "PROMO_SUBCATEGORY"
, "CUST_MAIN_PHONE_NUMBER"
, "PROMO_END_DATE"
, "AMOUNT_SOLD"
, "CUST_MARITAL_STATUS"
, "PROD_PACK_SIZE"
, "CUST_STATE_PROVINCE"
, "PROD_MIN_PRICE"
, "QUANTITY_SOLD"
, "CUST_CITY"
, "PROMO_CATEGORY"
, "PROD_TOTAL"
, "PROMO_COST"
, "CUST_EFF_TO"
, "CUST_LAST_NAME"
, "CUST_YEAR_OF_BIRTH"
, "PROD_STATUS"
, "PROD_SUBCATEGORY"
, "CUST_INCOME_LEVEL"
, "CUST_GENDER"
, "PROD_WEIGHT_CLASS"
, "CUST_POSTAL_CODE"
, "TRNSF_CUST_YEAR_OF_BIRTH"
, "TRNSF_RFM_COMBINED"

FROM
{INPUT_SOURCE}
WHERE
"CUST_VALID" ='A' )</SQLExpression>
            <OutputColumns>
                <Attribute Name="CUST_VALID" DataType="VARCHAR2" Status="Valid"/>
                <Attribute Name="PROD_NAME" DataType="VARCHAR2" Status="Valid"/>
                <Attribute Name="PROD_EFF_FROM" DataType="DATE" Status="Valid"/>
                <Attribute Name="PROD_EFF_TO" DataType="DATE" Status="Valid"/>
                <Attribute Name="CUST_STREET_ADDRESS" DataType="VARCHAR2" Status="Valid"/>
                <Attribute Name="CUST_FIRST_NAME" DataType="VARCHAR2" Status="Valid"/>
                <Attribute Name="PROD_UNIT_OF_MEASURE" DataType="VARCHAR2" Status="Valid"/>
                <Attribute Name="PROD_VALID" DataType="VARCHAR2" Status="Valid"/>
                <Attribute Name="CUST_EFF_FROM" DataType="DATE" Status="Valid"/>
                <Attribute Name="PROMO_TOTAL" DataType="VARCHAR2" Status="Valid"/>
                <Attribute Name="PROD_LIST_PRICE" DataType="NUMBER" Status="Valid"/>
                <Attribute Name="PROMO_NAME" DataType="VARCHAR2" Status="Valid"/>
                <Attribute Name="CUST_CREDIT_LIMIT" DataType="NUMBER" Status="Valid"/>
                <Attribute Name="COUNTRY_NAME" DataType="VARCHAR2" Status="Valid"/>
                <Attribute Name="PROD_CATEGORY" DataType="VARCHAR2" Status="Valid"/>
                <Attribute Name="CUST_EMAIL" DataType="VARCHAR2" Status="Valid"/>
                <Attribute Name="PROMO_BEGIN_DATE" DataType="DATE" Status="Valid"/>
                <Attribute Name="PROMO_SUBCATEGORY" DataType="VARCHAR2" Status="Valid"/>
                <Attribute Name="CUST_MAIN_PHONE_NUMBER" DataType="VARCHAR2" Status="Valid"/>
                <Attribute Name="PROMO_END_DATE" DataType="DATE" Status="Valid"/>
                <Attribute Name="AMOUNT_SOLD" DataType="NUMBER" Status="Valid"/>
                <Attribute Name="CUST_MARITAL_STATUS" DataType="VARCHAR2" Status="Valid"/>
                <Attribute Name="PROD_PACK_SIZE" DataType="VARCHAR2" Status="Valid"/>
                <Attribute Name="CUST_STATE_PROVINCE" DataType="VARCHAR2" Status="Valid"/>
                <Attribute Name="PROD_MIN_PRICE" DataType="NUMBER" Status="Valid"/>
                <Attribute Name="QUANTITY_SOLD" DataType="NUMBER" Status="Valid"/>
                <Attribute Name="CUST_CITY" DataType="VARCHAR2" Status="Valid"/>
                <Attribute Name="PROMO_CATEGORY" DataType="VARCHAR2" Status="Valid"/>
                <Attribute Name="PROD_TOTAL" DataType="VARCHAR2" Status="Valid"/>
                <Attribute Name="PROMO_COST" DataType="NUMBER" Status="Valid"/>
                <Attribute Name="CUST_EFF_TO" DataType="DATE" Status="Valid"/>
                <Attribute Name="CUST_LAST_NAME" DataType="VARCHAR2" Status="Valid"/>
                <Attribute Name="CUST_YEAR_OF_BIRTH" DataType="NUMBER" Status="Valid"/>
                <Attribute Name="PROD_STATUS" DataType="VARCHAR2" Status="Valid"/>
                <Attribute Name="PROD_SUBCATEGORY" DataType="VARCHAR2" Status="Valid"/>
                <Attribute Name="CUST_INCOME_LEVEL" DataType="VARCHAR2" Status="Valid"/>
                <Attribute Name="CUST_GENDER" DataType="CHAR" Status="Valid"/>
                <Attribute Name="PROD_WEIGHT_CLASS" DataType="NUMBER" Status="Valid"/>
                <Attribute Name="CUST_POSTAL_CODE" DataType="VARCHAR2" Status="Valid"/>
                <Attribute Name="TRNSF_CUST_YEAR_OF_BIRTH" DataType="VARCHAR2" Status="Valid"/>
                <Attribute Name="TRNSF_RFM_COMBINED" DataType="VARCHAR2" Status="Valid"/>
            </OutputColumns>
            <Filter>"CUST_VALID" ='A'</Filter>
        </RowFilter>
        <ClusteringBuild Id="10019" Name="sant_clusters" Status="Complete">
            <Icon XCOORD="568" YCOORD="451"></Icon>
            <Messages/>
            <Parallelism Enable="false">
                <SystemDetermined/>
            </Parallelism>
            <BuildDataSource SourceId="10014"/>
            <CaseAttributes/>
            <MiningAttributes AutoSpec="Yes">
                <MiningAttribute AutoPrep="Yes" MiningType="Numerical" Input="Yes" Name="AMOUNT_SOLD" DataType="NUMBER" Status="Valid"/>
                <MiningAttribute AutoPrep="Yes" MiningType="Categorical" Input="Yes" Name="COUNTRY_NAME" DataType="VARCHAR2" Status="Valid"/>
                <MiningAttribute AutoPrep="Yes" MiningType="Categorical" Input="No" Name="CUST_CITY" DataType="VARCHAR2" Status="Valid"/>
                <MiningAttribute AutoPrep="Yes" MiningType="Numerical" Input="Yes" Name="CUST_CREDIT_LIMIT" DataType="NUMBER" Status="Valid"/>
                <MiningAttribute AutoPrep="Yes" MiningType="Numerical" Input="No" Name="CUST_EFF_FROM" DataType="DATE" Status="Valid"/>
                <MiningAttribute AutoPrep="Yes" MiningType="Numerical" Input="No" Name="CUST_EFF_TO" DataType="DATE" Status="Valid"/>
                <MiningAttribute AutoPrep="Yes" MiningType="Categorical" Input="No" Name="CUST_EMAIL" DataType="VARCHAR2" Status="Valid"/>
                <MiningAttribute AutoPrep="Yes" MiningType="Categorical" Input="No" Name="CUST_FIRST_NAME" DataType="VARCHAR2" Status="Valid"/>
                <MiningAttribute AutoPrep="Yes" MiningType="Categorical" Input="Yes" Name="CUST_GENDER" DataType="CHAR" Status="Valid"/>
                <MiningAttribute AutoPrep="Yes" MiningType="Categorical" Input="Yes" Name="CUST_INCOME_LEVEL" DataType="VARCHAR2" Status="Valid"/>
                <MiningAttribute AutoPrep="Yes" MiningType="Categorical" Input="No" Name="CUST_LAST_NAME" DataType="VARCHAR2" Status="Valid"/>
                <MiningAttribute AutoPrep="Yes" MiningType="Categorical" Input="No" Name="CUST_MAIN_PHONE_NUMBER" DataType="VARCHAR2" Status="Valid"/>
                <MiningAttribute AutoPrep="Yes" MiningType="Categorical" Input="Yes" Name="CUST_MARITAL_STATUS" DataType="VARCHAR2" Status="Valid"/>
                <MiningAttribute AutoPrep="Yes" MiningType="Categorical" Input="No" Name="CUST_POSTAL_CODE" DataType="VARCHAR2" Status="Valid"/>
                <MiningAttribute AutoPrep="Yes" MiningType="Categorical" Input="Yes" Name="CUST_STATE_PROVINCE" DataType="VARCHAR2" Status="Valid"/>
                <MiningAttribute AutoPrep="Yes" MiningType="Categorical" Input="No" Name="CUST_STREET_ADDRESS" DataType="VARCHAR2" Status="Valid"/>
                <MiningAttribute AutoPrep="Yes" MiningType="Categorical" Input="No" Name="CUST_VALID" DataType="VARCHAR2" Status="Valid"/>
                <MiningAttribute AutoPrep="Yes" MiningType="Numerical" Input="Yes" Name="CUST_YEAR_OF_BIRTH" DataType="NUMBER" Status="Valid"/>
                <MiningAttribute AutoPrep="Yes" MiningType="Categorical" Input="Yes" Name="PROD_CATEGORY" DataType="VARCHAR2" Status="Valid"/>
                <MiningAttribute AutoPrep="Yes" MiningType="Numerical" Input="No" Name="PROD_EFF_FROM" DataType="DATE" Status="Valid"/>
                <MiningAttribute AutoPrep="Yes" MiningType="Numerical" Input="No" Name="PROD_EFF_TO" DataType="DATE" Status="Valid"/>
                <MiningAttribute AutoPrep="Yes" MiningType="Numerical" Input="Yes" Name="PROD_LIST_PRICE" DataType="NUMBER" Status="Valid"/>
                <MiningAttribute AutoPrep="Yes" MiningType="Numerical" Input="Yes" Name="PROD_MIN_PRICE" DataType="NUMBER" Status="Valid"/>
                <MiningAttribute AutoPrep="Yes" MiningType="Categorical" Input="Yes" Name="PROD_NAME" DataType="VARCHAR2" Status="Valid"/>
                <MiningAttribute AutoPrep="Yes" MiningType="Categorical" Input="No" Name="PROD_PACK_SIZE" DataType="VARCHAR2" Status="Valid"/>
                <MiningAttribute AutoPrep="Yes" MiningType="Categorical" Input="No" Name="PROD_STATUS" DataType="VARCHAR2" Status="Valid"/>
                <MiningAttribute AutoPrep="Yes" MiningType="Categorical" Input="Yes" Name="PROD_SUBCATEGORY" DataType="VARCHAR2" Status="Valid"/>
                <MiningAttribute AutoPrep="Yes" MiningType="Categorical" Input="No" Name="PROD_TOTAL" DataType="VARCHAR2" Status="Valid"/>
                <MiningAttribute AutoPrep="Yes" MiningType="Categorical" Input="No" Name="PROD_UNIT_OF_MEASURE" DataType="VARCHAR2" Status="Valid"/>
                <MiningAttribute AutoPrep="Yes" MiningType="Categorical" Input="No" Name="PROD_VALID" DataType="VARCHAR2" Status="Valid"/>
                <MiningAttribute AutoPrep="Yes" MiningType="Categorical" Input="Yes" Name="PROD_WEIGHT_CLASS" DataType="NUMBER" Status="Valid"/>
                <MiningAttribute AutoPrep="Yes" MiningType="Numerical" Input="No" Name="PROMO_BEGIN_DATE" DataType="DATE" Status="Valid"/>
                <MiningAttribute AutoPrep="Yes" MiningType="Categorical" Input="Yes" Name="PROMO_CATEGORY" DataType="VARCHAR2" Status="Valid"/>
                <MiningAttribute AutoPrep="Yes" MiningType="Categorical" Input="Yes" Name="PROMO_COST" DataType="NUMBER" Status="Valid"/>
                <MiningAttribute AutoPrep="Yes" MiningType="Numerical" Input="No" Name="PROMO_END_DATE" DataType="DATE" Status="Valid"/>
                <MiningAttribute AutoPrep="Yes" MiningType="Categorical" Input="Yes" Name="PROMO_NAME" DataType="VARCHAR2" Status="Valid"/>
                <MiningAttribute AutoPrep="Yes" MiningType="Categorical" Input="Yes" Name="PROMO_SUBCATEGORY" DataType="VARCHAR2" Status="Valid"/>
                <MiningAttribute AutoPrep="Yes" MiningType="Categorical" Input="No" Name="PROMO_TOTAL" DataType="VARCHAR2" Status="Valid"/>
                <MiningAttribute AutoPrep="Yes" MiningType="Categorical" Input="No" Name="QUANTITY_SOLD" DataType="NUMBER" Status="Valid"/>
                <MiningAttribute AutoPrep="Yes" MiningType="Categorical" Input="Yes" Name="TRNSF_CUST_YEAR_OF_BIRTH" DataType="VARCHAR2" Status="Valid"/>
                <MiningAttribute AutoPrep="Yes" MiningType="Categorical" Input="Yes" Name="TRNSF_RFM_COMBINED" DataType="VARCHAR2" Status="Valid"/>
            </MiningAttributes>
            <Stoplists>
                <Stoplist Id="1" Name="Default" Type="Basic" Language="ENGLISH" DBName="">
                    <StopTokens>
                        <Token Type="Word" Language="ENGLISH">
                            <Item>Mr</Item>
                        </Token>
                        <Token Type="Word" Language="ENGLISH">
                            <Item>Mrs</Item>
                        </Token>
                        <Token Type="Word" Language="ENGLISH">
                            <Item>Ms</Item>
                        </Token>
                        <Token Type="Word" Language="ENGLISH">
                            <Item>a</Item>
                        </Token>
                        <Token Type="Word" Language="ENGLISH">
                            <Item>all</Item>
                        </Token>
                        <Token Type="Word" Language="ENGLISH">
                            <Item>almost</Item>
                        </Token>
                        <Token Type="Word" Language="ENGLISH">
                            <Item>also</Item>
                        </Token>
                        <Token Type="Word" Language="ENGLISH">
                            <Item>although</Item>
                        </Token>
                        <Token Type="Word" Language="ENGLISH">
                            <Item>an</Item>
                        </Token>
                        <Token Type="Word" Language="ENGLISH">
                            <Item>and</Item>
                        </Token>
                        <Token Type="Word" Language="ENGLISH">
                            <Item>any</Item>
                        </Token>
                        <Token Type="Word" Language="ENGLISH">
                            <Item>are</Item>
                        </Token>
                        <Token Type="Word" Language="ENGLISH">
                            <Item>as</Item>
                        </Token>
                        <Token Type="Word" Language="ENGLISH">
                            <Item>at</Item>
                        </Token>
                        <Token Type="Word" Language="ENGLISH">
                            <Item>be</Item>
                        </Token>
                        <Token Type="Word" Language="ENGLISH">
                            <Item>because</Item>
                        </Token>
                        <Token Type="Word" Language="ENGLISH">
                            <Item>been</Item>
                        </Token>
                        <Token Type="Word" Language="ENGLISH">
                            <Item>both</Item>
                        </Token>
                        <Token Type="Word" Language="ENGLISH">
                            <Item>but</Item>
                        </Token>
                        <Token Type="Word" Language="ENGLISH">
                            <Item>by</Item>
                        </Token>
                        <Token Type="Word" Language="ENGLISH">
                            <Item>can</Item>
                        </Token>
                        <Token Type="Word" Language="ENGLISH">
                            <Item>could</Item>
                        </Token>
                        <Token Type="Word" Language="ENGLISH">
                            <Item>d</Item>
                        </Token>
                        <Token Type="Word" Language="ENGLISH">
                            <Item>did</Item>
                        </Token>
                        <Token Type="Word" Language="ENGLISH">
                            <Item>do</Item>
                        </Token>
                        <Token Type="Word" Language="ENGLISH">
                            <Item>does</Item>
                        </Token>
                        <Token Type="Word" Language="ENGLISH">
                            <Item>either</Item>
                        </Token>
                        <Token Type="Word" Language="ENGLISH">
                            <Item>for</Item>
                        </Token>
                        <Token Type="Word" Language="ENGLISH">
                            <Item>from</Item>
                        </Token>
                        <Token Type="Word" Language="ENGLISH">
                            <Item>had</Item>
                        </Token>
                        <Token Type="Word" Language="ENGLISH">
                            <Item>has</Item>
                        </Token>
                        <Token Type="Word" Language="ENGLISH">
                            <Item>have</Item>
                        </Token>
                        <Token Type="Word" Language="ENGLISH">
                            <Item>having</Item>
                        </Token>
                        <Token Type="Word" Language="ENGLISH">
                            <Item>he</Item>
                        </Token>
                        <Token Type="Word" Language="ENGLISH">
                            <Item>her</Item>
                        </Token>
                        <Token Type="Word" Language="ENGLISH">
                            <Item>here</Item>
                        </Token>
                        <Token Type="Word" Language="ENGLISH">
                            <Item>hers</Item>
                        </Token>
                        <Token Type="Word" Language="ENGLISH">
                            <Item>him</Item>
                        </Token>
                        <Token Type="Word" Language="ENGLISH">
                            <Item>his</Item>
                        </Token>
                        <Token Type="Word" Language="ENGLISH">
                            <Item>how</Item>
                        </Token>
                        <Token Type="Word" Language="ENGLISH">
                            <Item>however</Item>
                        </Token>
                        <Token Type="Word" Language="ENGLISH">
                            <Item>i</Item>
                        </Token>
                        <Token Type="Word" Language="ENGLISH">
                            <Item>if</Item>
                        </Token>
                        <Token Type="Word" Language="ENGLISH">
                            <Item>in</Item>
                        </Token>
                        <Token Type="Word" Language="ENGLISH">
                            <Item>into</Item>
                        </Token>
                        <Token Type="Word" Language="ENGLISH">
                            <Item>is</Item>
                        </Token>
                        <Token Type="Word" Language="ENGLISH">
                            <Item>it</Item>
                        </Token>
                        <Token Type="Word" Language="ENGLISH">
                            <Item>its</Item>
                        </Token>
                        <Token Type="Word" Language="ENGLISH">
                            <Item>just</Item>
                        </Token>
                        <Token Type="Word" Language="ENGLISH">
                            <Item>ll</Item>
                        </Token>
                        <Token Type="Word" Language="ENGLISH">
                            <Item>me</Item>
                        </Token>
                        <Token Type="Word" Language="ENGLISH">
                            <Item>might</Item>
                        </Token>
                        <Token Type="Word" Language="ENGLISH">
                            <Item>my</Item>
                        </Token>
                        <Token Type="Word" Language="ENGLISH">
                            <Item>no</Item>
                        </Token>
                        <Token Type="Word" Language="ENGLISH">
                            <Item>non</Item>
                        </Token>
                        <Token Type="Word" Language="ENGLISH">
                            <Item>nor</Item>
                        </Token>
                        <Token Type="Word" Language="ENGLISH">
                            <Item>not</Item>
                        </Token>
                        <Token Type="Word" Language="ENGLISH">
                            <Item>of</Item>
                        </Token>
                        <Token Type="Word" Language="ENGLISH">
                            <Item>on</Item>
                        </Token>
                        <Token Type="Word" Language="ENGLISH">
                            <Item>one</Item>
                        </Token>
                        <Token Type="Word" Language="ENGLISH">
                            <Item>only</Item>
                        </Token>
                        <Token Type="Word" Language="ENGLISH">
                            <Item>onto</Item>
                        </Token>
                        <Token Type="Word" Language="ENGLISH">
                            <Item>or</Item>
                        </Token>
                        <Token Type="Word" Language="ENGLISH">
                            <Item>our</Item>
                        </Token>
                        <Token Type="Word" Language="ENGLISH">
                            <Item>ours</Item>
                        </Token>
                        <Token Type="Word" Language="ENGLISH">
                            <Item>s</Item>
                        </Token>
                        <Token Type="Word" Language="ENGLISH">
                            <Item>shall</Item>
                        </Token>
                        <Token Type="Word" Language="ENGLISH">
                            <Item>she</Item>
                        </Token>
                        <Token Type="Word" Language="ENGLISH">
                            <Item>should</Item>
                        </Token>
                        <Token Type="Word" Language="ENGLISH">
                            <Item>since</Item>
                        </Token>
                        <Token Type="Word" Language="ENGLISH">
                            <Item>so</Item>
                        </Token>
                        <Token Type="Word" Language="ENGLISH">
                            <Item>some</Item>
                        </Token>
                        <Token Type="Word" Language="ENGLISH">
                            <Item>still</Item>
                        </Token>
                        <Token Type="Word" Language="ENGLISH">
                            <Item>such</Item>
                        </Token>
                        <Token Type="Word" Language="ENGLISH">
                            <Item>t</Item>
                        </Token>
                        <Token Type="Word" Language="ENGLISH">
                            <Item>than</Item>
                        </Token>
                        <Token Type="Word" Language="ENGLISH">
                            <Item>that</Item>
                        </Token>
                        <Token Type="Word" Language="ENGLISH">
                            <Item>the</Item>
                        </Token>
                        <Token Type="Word" Language="ENGLISH">
                            <Item>their</Item>
                        </Token>
                        <Token Type="Word" Language="ENGLISH">
                            <Item>them</Item>
                        </Token>
                        <Token Type="Word" Language="ENGLISH">
                            <Item>then</Item>
                        </Token>
                        <Token Type="Word" Language="ENGLISH">
                            <Item>there</Item>
                        </Token>
                        <Token Type="Word" Language="ENGLISH">
                            <Item>therefore</Item>
                        </Token>
                        <Token Type="Word" Language="ENGLISH">
                            <Item>these</Item>
                        </Token>
                        <Token Type="Word" Language="ENGLISH">
                            <Item>they</Item>
                        </Token>
                        <Token Type="Word" Language="ENGLISH">
                            <Item>this</Item>
                        </Token>
                        <Token Type="Word" Language="ENGLISH">
                            <Item>those</Item>
                        </Token>
                        <Token Type="Word" Language="ENGLISH">
                            <Item>though</Item>
                        </Token>
                        <Token Type="Word" Language="ENGLISH">
                            <Item>through</Item>
                        </Token>
                        <Token Type="Word" Language="ENGLISH">
                            <Item>thus</Item>
                        </Token>
                        <Token Type="Word" Language="ENGLISH">
                            <Item>to</Item>
                        </Token>
                        <Token Type="Word" Language="ENGLISH">
                            <Item>too</Item>
                        </Token>
                        <Token Type="Word" Language="ENGLISH">
                            <Item>until</Item>
                        </Token>
                        <Token Type="Word" Language="ENGLISH">
                            <Item>ve</Item>
                        </Token>
                        <Token Type="Word" Language="ENGLISH">
                            <Item>very</Item>
                        </Token>
                        <Token Type="Word" Language="ENGLISH">
                            <Item>was</Item>
                        </Token>
                        <Token Type="Word" Language="ENGLISH">
                            <Item>we</Item>
                        </Token>
                        <Token Type="Word" Language="ENGLISH">
                            <Item>were</Item>
                        </Token>
                        <Token Type="Word" Language="ENGLISH">
                            <Item>what</Item>
                        </Token>
                        <Token Type="Word" Language="ENGLISH">
                            <Item>when</Item>
                        </Token>
                        <Token Type="Word" Language="ENGLISH">
                            <Item>where</Item>
                        </Token>
                        <Token Type="Word" Language="ENGLISH">
                            <Item>whether</Item>
                        </Token>
                        <Token Type="Word" Language="ENGLISH">
                            <Item>which</Item>
                        </Token>
                        <Token Type="Word" Language="ENGLISH">
                            <Item>while</Item>
                        </Token>
                        <Token Type="Word" Language="ENGLISH">
                            <Item>who</Item>
                        </Token>
                        <Token Type="Word" Language="ENGLISH">
                            <Item>whose</Item>
                        </Token>
                        <Token Type="Word" Language="ENGLISH">
                            <Item>why</Item>
                        </Token>
                        <Token Type="Word" Language="ENGLISH">
                            <Item>will</Item>
                        </Token>
                        <Token Type="Word" Language="ENGLISH">
                            <Item>with</Item>
                        </Token>
                        <Token Type="Word" Language="ENGLISH">
                            <Item>would</Item>
                        </Token>
                        <Token Type="Word" Language="ENGLISH">
                            <Item>yet</Item>
                        </Token>
                        <Token Type="Word" Language="ENGLISH">
                            <Item>you</Item>
                        </Token>
                        <Token Type="Word" Language="ENGLISH">
                            <Item>your</Item>
                        </Token>
                        <Token Type="Word" Language="ENGLISH">
                            <Item>yours</Item>
                        </Token>
                    </StopTokens>
                </Stoplist>
            </Stoplists>
            <TextSettings TransformType="Token" CategoricalCutOffValue="200">
                <Token>
                    <Token MaxNumberPerDoc="50" MaxNumberAllDocs="3000" Frequency="IDF" StoplistId="1" Policy="">
                        <Lexer Name="" Type="Basic">
                            <Settings/>
                        </Lexer>
                        <Languages>
                            <Language Name="ENGLISH" Type="SingleByte"/>
                        </Languages>
                    </Token>
                </Token>
                <Theme Type="Single">
                    <Token MaxNumberPerDoc="50" MaxNumberAllDocs="3000" Frequency="IDF" StoplistId="1" Policy="">
                        <Lexer Type="Basic">
                            <Settings>
                                <Attribute Name="index_themes" ValueString="YES" Type="String"/>
                                <Attribute Name="theme_language" ValueString="ENGLISH" Type="String"/>
                            </Settings>
                        </Lexer>
                        <Languages>
                            <Language Name="ENGLISH" Type="SingleByte"/>
                        </Languages>
                    </Token>
                </Theme>
            </TextSettings>
            <TextAttributes/>
            <HeuristicSummaryResult StatisticTable="ODMR$20_34_06_276000LQADURP">
                <Attribute Name="CUST_CITY">
                    <Reason Type="INPUT_NONE"/>
                </Attribute>
                <Attribute Name="CUST_EFF_FROM">
                    <Reason Type="INPUT_NONE"/>
                </Attribute>
                <Attribute Name="CUST_EFF_TO">
                    <Reason Type="INPUT_NONE"/>
                </Attribute>
                <Attribute Name="CUST_EMAIL">
                    <Reason Type="INPUT_NONE"/>
                </Attribute>
                <Attribute Name="CUST_FIRST_NAME">
                    <Reason Type="INPUT_NONE"/>
                </Attribute>
                <Attribute Name="CUST_LAST_NAME">
                    <Reason Type="INPUT_NONE"/>
                </Attribute>
                <Attribute Name="CUST_MAIN_PHONE_NUMBER">
                    <Reason Type="INPUT_NONE"/>
                </Attribute>
                <Attribute Name="CUST_POSTAL_CODE">
                    <Reason Type="INPUT_NONE"/>
                </Attribute>
                <Attribute Name="CUST_STREET_ADDRESS">
                    <Reason Type="INPUT_NONE"/>
                </Attribute>
                <Attribute Name="CUST_VALID">
                    <Reason Type="INPUT_NONE"/>
                </Attribute>
                <Attribute Name="PROD_EFF_FROM">
                    <Reason Type="INPUT_NONE"/>
                </Attribute>
                <Attribute Name="PROD_EFF_TO">
                    <Reason Type="INPUT_NONE"/>
                </Attribute>
                <Attribute Name="PROD_PACK_SIZE">
                    <Reason Type="INPUT_NONE"/>
                </Attribute>
                <Attribute Name="PROD_STATUS">
                    <Reason Type="INPUT_NONE"/>
                </Attribute>
                <Attribute Name="PROD_TOTAL">
                    <Reason Type="INPUT_NONE"/>
                </Attribute>
                <Attribute Name="PROD_UNIT_OF_MEASURE">
                    <Reason Type="INPUT_NONE"/>
                </Attribute>
                <Attribute Name="PROD_VALID">
                    <Reason Type="INPUT_NONE"/>
                </Attribute>
                <Attribute Name="PROD_WEIGHT_CLASS">
                    <Reason Type="NUM_TO_CAT_MINING_TYPE"/>
                </Attribute>
                <Attribute Name="PROMO_BEGIN_DATE">
                    <Reason Type="INPUT_NONE"/>
                </Attribute>
                <Attribute Name="PROMO_COST">
                    <Reason Type="NUM_TO_CAT_MINING_TYPE"/>
                </Attribute>
                <Attribute Name="PROMO_END_DATE">
                    <Reason Type="INPUT_NONE"/>
                </Attribute>
                <Attribute Name="PROMO_TOTAL">
                    <Reason Type="INPUT_NONE"/>
                </Attribute>
                <Attribute Name="QUANTITY_SOLD">
                    <Reason Type="INPUT_NONE"/>
                    <Reason Type="NUM_TO_CAT_MINING_TYPE"/>
                </Attribute>
            </HeuristicSummaryResult>
            <Models>
                <KMeansModel Id="10017" Name="CLUS_KM_1_8" Status="Complete" CreationDate="2016-06-03T20:34:24" Annotation="" UseForOutput="true">
                    <InputMiningData DataUsage="AUTO" MiningUsage="AUTO">
                        <MiningAttributes>
                            <MiningAttribute AutoPrep="Yes" MiningType="Categorical" Input="No" Name="CUST_VALID" DataType="VARCHAR2" Status="Valid"/>
                            <MiningAttribute AutoPrep="Yes" MiningType="Categorical" Input="Yes" Name="PROD_NAME" DataType="VARCHAR2" Status="Valid"/>
                            <MiningAttribute AutoPrep="Yes" MiningType="Numerical" Input="No" Name="PROD_EFF_FROM" DataType="DATE" Status="Valid"/>
                            <MiningAttribute AutoPrep="Yes" MiningType="Numerical" Input="No" Name="PROD_EFF_TO" DataType="DATE" Status="Valid"/>
                            <MiningAttribute AutoPrep="Yes" MiningType="Categorical" Input="No" Name="CUST_STREET_ADDRESS" DataType="VARCHAR2" Status="Valid"/>
                            <MiningAttribute AutoPrep="Yes" MiningType="Categorical" Input="No" Name="CUST_FIRST_NAME" DataType="VARCHAR2" Status="Valid"/>
                            <MiningAttribute AutoPrep="Yes" MiningType="Categorical" Input="No" Name="PROD_UNIT_OF_MEASURE" DataType="VARCHAR2" Status="Valid"/>
                            <MiningAttribute AutoPrep="Yes" MiningType="Categorical" Input="No" Name="PROD_VALID" DataType="VARCHAR2" Status="Valid"/>
                            <MiningAttribute AutoPrep="Yes" MiningType="Numerical" Input="No" Name="CUST_EFF_FROM" DataType="DATE" Status="Valid"/>
                            <MiningAttribute AutoPrep="Yes" MiningType="Categorical" Input="No" Name="PROMO_TOTAL" DataType="VARCHAR2" Status="Valid"/>
                            <MiningAttribute AutoPrep="Yes" MiningType="Numerical" Input="Yes" Name="PROD_LIST_PRICE" DataType="NUMBER" Status="Valid"/>
                            <MiningAttribute AutoPrep="Yes" MiningType="Categorical" Input="Yes" Name="PROMO_NAME" DataType="VARCHAR2" Status="Valid"/>
                            <MiningAttribute AutoPrep="Yes" MiningType="Numerical" Input="Yes" Name="CUST_CREDIT_LIMIT" DataType="NUMBER" Status="Valid"/>
                            <MiningAttribute AutoPrep="Yes" MiningType="Categorical" Input="Yes" Name="COUNTRY_NAME" DataType="VARCHAR2" Status="Valid"/>
                            <MiningAttribute AutoPrep="Yes" MiningType="Categorical" Input="Yes" Name="PROD_CATEGORY" DataType="VARCHAR2" Status="Valid"/>
                            <MiningAttribute AutoPrep="Yes" MiningType="Categorical" Input="No" Name="CUST_EMAIL" DataType="VARCHAR2" Status="Valid"/>
                            <MiningAttribute AutoPrep="Yes" MiningType="Numerical" Input="No" Name="PROMO_BEGIN_DATE" DataType="DATE" Status="Valid"/>
                            <MiningAttribute AutoPrep="Yes" MiningType="Categorical" Input="Yes" Name="PROMO_SUBCATEGORY" DataType="VARCHAR2" Status="Valid"/>
                            <MiningAttribute AutoPrep="Yes" MiningType="Categorical" Input="No" Name="CUST_MAIN_PHONE_NUMBER" DataType="VARCHAR2" Status="Valid"/>
                            <MiningAttribute AutoPrep="Yes" MiningType="Numerical" Input="No" Name="PROMO_END_DATE" DataType="DATE" Status="Valid"/>
                            <MiningAttribute AutoPrep="Yes" MiningType="Numerical" Input="Yes" Name="AMOUNT_SOLD" DataType="NUMBER" Status="Valid"/>
                            <MiningAttribute AutoPrep="Yes" MiningType="Categorical" Input="Yes" Name="CUST_MARITAL_STATUS" DataType="VARCHAR2" Status="Valid"/>
                            <MiningAttribute AutoPrep="Yes" MiningType="Categorical" Input="No" Name="PROD_PACK_SIZE" DataType="VARCHAR2" Status="Valid"/>
                            <MiningAttribute AutoPrep="Yes" MiningType="Categorical" Input="Yes" Name="CUST_STATE_PROVINCE" DataType="VARCHAR2" Status="Valid"/>
                            <MiningAttribute AutoPrep="Yes" MiningType="Numerical" Input="Yes" Name="PROD_MIN_PRICE" DataType="NUMBER" Status="Valid"/>
                            <MiningAttribute AutoPrep="Yes" MiningType="Categorical" Input="No" Name="QUANTITY_SOLD" DataType="NUMBER" Status="Valid"/>
                            <MiningAttribute AutoPrep="Yes" MiningType="Categorical" Input="No" Name="CUST_CITY" DataType="VARCHAR2" Status="Valid"/>
                            <MiningAttribute AutoPrep="Yes" MiningType="Categorical" Input="Yes" Name="PROMO_CATEGORY" DataType="VARCHAR2" Status="Valid"/>
                            <MiningAttribute AutoPrep="Yes" MiningType="Categorical" Input="No" Name="PROD_TOTAL" DataType="VARCHAR2" Status="Valid"/>
                            <MiningAttribute AutoPrep="Yes" MiningType="Categorical" Input="Yes" Name="PROMO_COST" DataType="NUMBER" Status="Valid"/>
                            <MiningAttribute AutoPrep="Yes" MiningType="Numerical" Input="No" Name="CUST_EFF_TO" DataType="DATE" Status="Valid"/>
                            <MiningAttribute AutoPrep="Yes" MiningType="Categorical" Input="No" Name="CUST_LAST_NAME" DataType="VARCHAR2" Status="Valid"/>
                            <MiningAttribute AutoPrep="Yes" MiningType="Numerical" Input="Yes" Name="CUST_YEAR_OF_BIRTH" DataType="NUMBER" Status="Valid"/>
                            <MiningAttribute AutoPrep="Yes" MiningType="Categorical" Input="No" Name="PROD_STATUS" DataType="VARCHAR2" Status="Valid"/>
                            <MiningAttribute AutoPrep="Yes" MiningType="Categorical" Input="Yes" Name="PROD_SUBCATEGORY" DataType="VARCHAR2" Status="Valid"/>
                            <MiningAttribute AutoPrep="Yes" MiningType="Categorical" Input="Yes" Name="CUST_INCOME_LEVEL" DataType="VARCHAR2" Status="Valid"/>
                            <MiningAttribute AutoPrep="Yes" MiningType="Categorical" Input="Yes" Name="CUST_GENDER" DataType="CHAR" Status="Valid"/>
                            <MiningAttribute AutoPrep="Yes" MiningType="Categorical" Input="Yes" Name="PROD_WEIGHT_CLASS" DataType="NUMBER" Status="Valid"/>
                            <MiningAttribute AutoPrep="Yes" MiningType="Categorical" Input="No" Name="CUST_POSTAL_CODE" DataType="VARCHAR2" Status="Valid"/>
                            <MiningAttribute AutoPrep="Yes" MiningType="Categorical" Input="Yes" Name="TRNSF_CUST_YEAR_OF_BIRTH" DataType="VARCHAR2" Status="Valid"/>
                            <MiningAttribute AutoPrep="Yes" MiningType="Categorical" Input="Yes" Name="TRNSF_RFM_COMBINED" DataType="VARCHAR2" Status="Valid"/>
                        </MiningAttributes>
                        <HeuristicResult StatisticTable="ODMR$20_34_06_276000LQADURP">
                            <Attribute Name="CUST_CITY">
                                <Reason Type="CAT_UNIQUE_COUNT_LIMIT"/>
                            </Attribute>
                            <Attribute Name="CUST_EFF_FROM">
                                <Reason Type="DATA_TYPE_NOT_SUPPORT"/>
                            </Attribute>
                            <Attribute Name="CUST_EFF_TO">
                                <Reason Type="DATA_TYPE_NOT_SUPPORT"/>
                            </Attribute>
                            <Attribute Name="CUST_EMAIL">
                                <Reason Type="CAT_UNIQUE_COUNT_LIMIT"/>
                            </Attribute>
                            <Attribute Name="CUST_FIRST_NAME">
                                <Reason Type="CAT_UNIQUE_COUNT_LIMIT"/>
                            </Attribute>
                            <Attribute Name="CUST_LAST_NAME">
                                <Reason Type="CAT_UNIQUE_COUNT_LIMIT"/>
                            </Attribute>
                            <Attribute Name="CUST_MAIN_PHONE_NUMBER">
                                <Reason Type="CAT_UNIQUE_COUNT_LIMIT"/>
                            </Attribute>
                            <Attribute Name="CUST_POSTAL_CODE">
                                <Reason Type="CAT_UNIQUE_COUNT_LIMIT"/>
                            </Attribute>
                            <Attribute Name="CUST_STREET_ADDRESS">
                                <Reason Type="CAT_UNIQUE_COUNT_LIMIT"/>
                            </Attribute>
                            <Attribute Name="CUST_VALID">
                                <Reason Type="CONSTANT_LIMIT"/>
                            </Attribute>
                            <Attribute Name="PROD_EFF_FROM">
                                <Reason Type="DATA_TYPE_NOT_SUPPORT"/>
                            </Attribute>
                            <Attribute Name="PROD_EFF_TO">
                                <Reason Type="DATA_TYPE_NOT_SUPPORT"/>
                            </Attribute>
                            <Attribute Name="PROD_PACK_SIZE">
                                <Reason Type="CONSTANT_LIMIT"/>
                            </Attribute>
                            <Attribute Name="PROD_STATUS">
                                <Reason Type="CONSTANT_LIMIT"/>
                            </Attribute>
                            <Attribute Name="PROD_TOTAL">
                                <Reason Type="CONSTANT_LIMIT"/>
                            </Attribute>
                            <Attribute Name="PROD_UNIT_OF_MEASURE">
                                <Reason Type="CONSTANT_LIMIT"/>
                            </Attribute>
                            <Attribute Name="PROD_VALID">
                                <Reason Type="CONSTANT_LIMIT"/>
                            </Attribute>
                            <Attribute Name="PROD_WEIGHT_CLASS">
                                <Reason Type="NUM_TO_CAT_MINING_TYPE"/>
                            </Attribute>
                            <Attribute Name="PROMO_BEGIN_DATE">
                                <Reason Type="DATA_TYPE_NOT_SUPPORT"/>
                            </Attribute>
                            <Attribute Name="PROMO_COST">
                                <Reason Type="NUM_TO_CAT_MINING_TYPE"/>
                            </Attribute>
                            <Attribute Name="PROMO_END_DATE">
                                <Reason Type="DATA_TYPE_NOT_SUPPORT"/>
                            </Attribute>
                            <Attribute Name="PROMO_TOTAL">
                                <Reason Type="CONSTANT_LIMIT"/>
                            </Attribute>
                            <Attribute Name="QUANTITY_SOLD">
                                <Reason Type="CONSTANT_LIMIT"/>
                                <Reason Type="NUM_TO_CAT_MINING_TYPE"/>
                            </Attribute>
                        </HeuristicResult>
                    </InputMiningData>
                    <KMeansAlgo>
                        <CLUS_NUM_CLUSTERS>3</CLUS_NUM_CLUSTERS>
                        <KMNS_BLOCK_GROWTH>2</KMNS_BLOCK_GROWTH>
                        <KMNS_CONV_TOLERANCE>0.01</KMNS_CONV_TOLERANCE>
                        <KMNS_DISTANCE>KMNS_EUCLIDEAN</KMNS_DISTANCE>
                        <KMNS_ITERATIONS>30</KMNS_ITERATIONS>
                        <KMNS_MIN_PCT_ATTR_SUPPORT>0.1</KMNS_MIN_PCT_ATTR_SUPPORT>
                        <KMNS_NUM_BINS>10</KMNS_NUM_BINS>
                        <KMNS_SPLIT_CRITERION>KMNS_VARIANCE</KMNS_SPLIT_CRITERION>
                    </KMeansAlgo>
                </KMeansModel>
            </Models>
        </ClusteringBuild>
        <Apply ColumnOutputOrder="SupplementalColumns" OrderPartitions="Yes" Id="10021" Name="Apply" Status="Complete">
            <Icon XCOORD="572" YCOORD="544"></Icon>
            <Messages/>
            <Parallelism Enable="false">
                <SystemDetermined/>
            </Parallelism>
            <CacheSettings UseFullData="false" GenerateCache="false">
                <NumberOfRows>2000</NumberOfRows>
                <Method>
                    <TopN/>
                </Method>
            </CacheSettings>
            <SQLExpression>"N$10021" as (SELECT 
"CUST_ID", 
CLUSTER_ID("CLUS_KM_1_8" USING *) "CLUS_KM_1_8_CLID", 
CLUSTER_PROBABILITY("CLUS_KM_1_8" USING *) "CLUS_KM_1_8_PROB"
FROM {INPUT_SOURCE} )</SQLExpression>
            <SupplementalAttributes AutoSpec="No">
                <Attribute Name="CUST_ID" DataType="NUMBER" Status="Valid"/>
            </SupplementalAttributes>
            <OutputColumns AutoSpec="Yes">
                <OutputColumn>
                    <Model IsModelBuilt="true" NodeId="10019" Schema="" Name="CLUS_KM_1_8" MiningFunction="CLUSTERING" MiningAlgorithm="KMEANS" Status="Valid" UseForOutput="true" ModelId="10017"/>
                    <ClusterId>
                        <Column Name="CLUS_KM_1_8_CLID"/>
                    </ClusterId>
                </OutputColumn>
                <OutputColumn>
                    <Model IsModelBuilt="true" NodeId="10019" Schema="" Name="CLUS_KM_1_8" MiningFunction="CLUSTERING" MiningAlgorithm="KMEANS" Status="Valid" UseForOutput="true" ModelId="10017"/>
                    <ClusterProbability>
                        <Column Name="CLUS_KM_1_8_PROB"/>
                    </ClusterProbability>
                </OutputColumn>
            </OutputColumns>
            <CaseAttributes/>
        </Apply>
        <SQLQuery HasWithClause="false" GenerateView="false" ViewName="OUTPUT_1_8" Id="10002" Name="SQL Query" Status="Complete">
            <Icon XCOORD="294" YCOORD="76"></Icon>
            <Messages/>
            <Parallelism Enable="false">
                <SystemDetermined/>
            </Parallelism>
            <CacheSettings UseFullData="false" GenerateCache="false">
                <NumberOfRows>2000</NumberOfRows>
                <Method>
                    <TopN/>
                </Method>
            </CacheSettings>
            <SQLExpression>"SALES_N$10001" as (SELECT * FROM {INPUT_SOURCE:10001}),
"N$10002" as (select cust_id, rfm_recency, rfm_frequency, rfm_monetary,
       rfm_recency*100 + rfm_frequency*10 + rfm_monetary as rfm_combined
from
(select cust_id,
   ntile (5) over (order by last_purchase_date) as rfm_recency,
   ntile (5) over (order by count_purchases)    as rfm_frequency,
   ntile (5) over (order by total_amount)       as rfm_monetary
 from
 (select cust_id, 
         max(time_id)     as last_purchase_date,
         count(*)         as count_purchases,
         sum(amount_sold) as total_amount
  from "SALES_N$10001"
  group by cust_id)
)
order by 5 desc)
</SQLExpression>
            <SQLQueryExpression>select cust_id, rfm_recency, rfm_frequency, rfm_monetary,
       rfm_recency*100 + rfm_frequency*10 + rfm_monetary as rfm_combined
from
(select cust_id,
   ntile (5) over (order by last_purchase_date) as rfm_recency,
   ntile (5) over (order by count_purchases)    as rfm_frequency,
   ntile (5) over (order by total_amount)       as rfm_monetary
 from
 (select cust_id, 
         max(time_id)     as last_purchase_date,
         count(*)         as count_purchases,
         sum(amount_sold) as total_amount
  from "SALES_N$10001"
  group by cust_id)
)
order by 5 desc</SQLQueryExpression>
            <SQLQueryOutputColumns>
                <Attribute Name="CUST_ID" DataType="NUMBER" Status="Valid"/>
                <Attribute Name="RFM_RECENCY" DataType="NUMBER" Status="Valid"/>
                <Attribute Name="RFM_FREQUENCY" DataType="NUMBER" Status="Valid"/>
                <Attribute Name="RFM_MONETARY" DataType="NUMBER" Status="Valid"/>
                <Attribute Name="RFM_COMBINED" DataType="NUMBER" Status="Valid"/>
            </SQLQueryOutputColumns>
        </SQLQuery>
    </Nodes>
    <Links>
        <Link Id="10003" From="10001" To="10002" Name="Link" Label="From &quot;SALES&quot; to &quot;SQL Query&quot;">
            <ConnectorGraphicsInfo>
                <Coordinates XCoordinate="0.0" YCoordinate="0.0"/>
            </ConnectorGraphicsInfo>
        </Link>
        <Link Id="10005" From="10002" To="10004" Name="Link" Label="From &quot;SQL Query&quot; to &quot;Filter Rows&quot;">
            <ConnectorGraphicsInfo>
                <Coordinates XCoordinate="0.0" YCoordinate="0.0"/>
            </ConnectorGraphicsInfo>
        </Link>
        <Link Id="10010" From="10008" To="10009" Name="Link" Label="From &quot;CUST_TRANSACTION_V&quot; to &quot;Join&quot;">
            <ConnectorGraphicsInfo>
                <Coordinates XCoordinate="0.0" YCoordinate="0.0"/>
            </ConnectorGraphicsInfo>
        </Link>
        <Link Id="10011" From="10004" To="10009" Name="Link" Label="From &quot;Filter Rows&quot; to &quot;Join&quot;">
            <ConnectorGraphicsInfo>
                <Coordinates XCoordinate="0.0" YCoordinate="0.0"/>
            </ConnectorGraphicsInfo>
        </Link>
        <Link Id="10013" From="10009" To="10012" Name="Link" Label="From &quot;Join&quot; to &quot;Transform&quot;">
            <ConnectorGraphicsInfo>
                <Coordinates XCoordinate="0.0" YCoordinate="0.0"/>
            </ConnectorGraphicsInfo>
        </Link>
        <Link Id="10015" From="10012" To="10014" Name="Link" Label="From &quot;Transform&quot; to &quot;Filter Rows 1&quot;">
            <ConnectorGraphicsInfo>
                <Coordinates XCoordinate="0.0" YCoordinate="0.0"/>
            </ConnectorGraphicsInfo>
        </Link>
        <Link Id="10020" From="10014" To="10019" Name="Link" Label="From &quot;Filter Rows 1&quot; to &quot;sant_clusters&quot;">
            <ConnectorGraphicsInfo>
                <Coordinates XCoordinate="0.0" YCoordinate="0.0"/>
            </ConnectorGraphicsInfo>
        </Link>
        <Link Id="10022" From="10019" To="10021" Name="Link" Label="From &quot;sant_clusters&quot; to &quot;Apply&quot;">
            <ConnectorGraphicsInfo>
                <Coordinates XCoordinate="0.0" YCoordinate="0.0"/>
            </ConnectorGraphicsInfo>
        </Link>
        <Link Id="10023" From="10008" To="10021" Name="Link" Label="From &quot;CUST_TRANSACTION_V&quot; to &quot;Apply&quot;">
            <ConnectorGraphicsInfo>
                <Coordinates XCoordinate="0.0" YCoordinate="0.0"/>
            </ConnectorGraphicsInfo>
        </Link>
        <Link Id="10026" From="10021" To="10025" Name="Link" Label="From &quot;Apply&quot; to &quot;SANT_CLUS_OUTPUT&quot;">
            <ConnectorGraphicsInfo>
                <Coordinates XCoordinate="0.0" YCoordinate="0.0"/>
            </ConnectorGraphicsInfo>
        </Link>
    </Links>
</WorkflowProcess>
