<?xml version="1.0" ?>
  <PMML version="3.1" xmlns="http://www.dmg.org/PMML-3_1" xmlns:xsi="http://www.w3.org/2001/XMLSchema-instance">
    <Header copyright="DMG.org"/>
    <DataDictionary numberOfFields="4">
      <DataField name="age" optype="continuous" dataType="double"/>
      <DataField name="salary" optype="continuous" dataType="double"/>
      <DataField name="car_location" optype="categorical" dataType="string">
        <Value value="carpark"/>
        <Value value="street"/>
      </DataField>
      <DataField name="number_of_claims" optype="continuous" dataType="integer"/>
    </DataDictionary>
    <RegressionModel
       modelName="Sample for linear regression"
       functionName="regression"
       algorithmName="linearRegression" 
       targetFieldName="number_of_claims">
      <MiningSchema>
        <MiningField name="age"/>
        <MiningField name="salary"/>
        <MiningField name="car_location"/>
        <MiningField name="number_of_claims" usageType="predicted"/>
      </MiningSchema>
      <RegressionTable intercept="132.37">
        <NumericPredictor name="age" 
                          exponent="1" coefficient="7.1"/>
        <NumericPredictor name="salary" 
                          exponent="1" coefficient="0.01"/>
        <CategoricalPredictor name="car_location"
                          value="carpark" coefficient="41.1"/>
        <CategoricalPredictor name="car_location"
                          value="street" coefficient="325.03"/>
      </RegressionTable>
    </RegressionModel>
  </PMML>
