<?xml version="1.0" encoding="UTF-8" standalone="yes"?>
<WorkflowProcess Version="12.1.0.2.3" DBVersion="12.1.0.2.0" Schema="" xmlns="http://xmlns.oracle.com/odmr11">
    <Nodes>
        <DataSource Id="10005" Name="DEMO_AR_RULES_DATA" Status="Complete">
            <Icon XCOORD="137" YCOORD="94"></Icon>
            <Messages/>
            <Parallelism Enable="false">
                <SystemDetermined/>
            </Parallelism>
            <CacheSettings UseFullData="false" GenerateCache="false">
                <NumberOfRows>2000</NumberOfRows>
                <Method>
                    <TopN/>
                </Method>
            </CacheSettings>
            <SQLExpression>"N$10005" as (select "DEMO_AR_RULES_DATA"."PRODUCT_ID", 
"DEMO_AR_RULES_DATA"."TRANS_ID" 
from "DMUSER"."DEMO_AR_RULES_DATA"  )</SQLExpression>
            <Attributes>
                <Attribute Name="PRODUCT_ID" DataType="VARCHAR2" Status="Valid"/>
                <Attribute Name="TRANS_ID" DataType="NUMBER" Status="Valid"/>
            </Attributes>
            <SourceTable Schema="" Name="DEMO_AR_RULES_DATA" Synonym="false"/>
            <JSONColumns/>
            <DataGuideSettings Generate="true" UseFullData="false" UseFullDoc="false">
                <NumberOfRows>2000</NumberOfRows>
                <NumberOfValues>10000</NumberOfValues>
            </DataGuideSettings>
        </DataSource>
        <AssociationBuild MaxDistinctItemValue="10" Id="10008" Name="Assoc Build" Status="Complete">
            <Icon XCOORD="304" YCOORD="96"></Icon>
            <Messages/>
            <Parallelism Enable="false">
                <SystemDetermined/>
            </Parallelism>
            <BuildDataSource SourceId="10005"/>
            <CaseAttributes>
                <Attribute Name="TRANS_ID" DataType="NUMBER" Status="Valid"/>
            </CaseAttributes>
            <MiningAttributes AutoSpec="Yes">
                <MiningAttribute AutoPrep="Yes" MiningType="Categorical" Input="Yes" Name="PRODUCT_ID" DataType="VARCHAR2" Status="Valid"/>
                <MiningAttribute AutoPrep="Yes" MiningType="Numerical" Input="Yes" Name="TRANS_ID" DataType="NUMBER" Status="Valid"/>
            </MiningAttributes>
            <ItemID Name="PRODUCT_ID" DataType="VARCHAR2" Status="Valid"/>
            <Models>
                <AprioriModel Id="10007" Name="ASSOC_AP_2_10" Status="Complete" CreationDate="2016-06-19T19:18:18" Annotation="" UseForOutput="true">
                    <InputMiningData DataUsage="MANUAL" MiningUsage="MANUAL">
                        <MiningAttributes>
                            <MiningAttribute AutoPrep="Yes" MiningType="Categorical" Input="Yes" Name="PRODUCT_ID" DataType="VARCHAR2" Status="Valid"/>
                            <MiningAttribute AutoPrep="Yes" MiningType="Numerical" Input="Yes" Name="TRANS_ID" DataType="NUMBER" Status="Valid"/>
                        </MiningAttributes>
                    </InputMiningData>
                    <AprioriAlgo>
                        <ASSO_MAX_RULE_LENGTH>3</ASSO_MAX_RULE_LENGTH>
                        <ASSO_MIN_CONFIDENCE>0.1</ASSO_MIN_CONFIDENCE>
                        <ASSO_MIN_SUPPORT>0.01</ASSO_MIN_SUPPORT>
                    </AprioriAlgo>
                </AprioriModel>
            </Models>
        </AssociationBuild>
    </Nodes>
    <Links>
        <Link Id="10009" From="10005" To="10008" Name="Link" Label="From &quot;DEMO_AR_RULES_DATA&quot; to &quot;Assoc Build&quot;">
            <ConnectorGraphicsInfo>
                <Coordinates XCoordinate="0.0" YCoordinate="0.0"/>
            </ConnectorGraphicsInfo>
        </Link>
    </Links>
</WorkflowProcess>
