<?xml version="1.0" encoding="UTF-8" standalone="yes"?>
<WorkflowProcess Version="12.1.0.2.3" DBVersion="12.1.0.2.0" Schema="" xmlns="http://xmlns.oracle.com/odmr11">
    <Nodes>
        <DataSource Id="10001" Name="DEMO_CUST_CHURN_TAB" Status="Complete">
            <Icon XCOORD="145" YCOORD="76"></Icon>
            <Messages/>
            <Parallelism Enable="false">
                <SystemDetermined/>
            </Parallelism>
            <CacheSettings UseFullData="false" GenerateCache="false">
                <NumberOfRows>2000</NumberOfRows>
                <Method>
                    <TopN/>
                </Method>
            </CacheSettings>
            <SQLExpression>"N$10001" as (select "DEMO_CUST_CHURN_TAB"."PARTNER", 
"DEMO_CUST_CHURN_TAB"."MULTIPLELINES", 
"DEMO_CUST_CHURN_TAB"."TENURE", 
"DEMO_CUST_CHURN_TAB"."PAPERLESSBILLING", 
"DEMO_CUST_CHURN_TAB"."SENIORCITIZEN", 
"DEMO_CUST_CHURN_TAB"."TECHSUPPORT", 
"DEMO_CUST_CHURN_TAB"."STREAMINGMOVIES", 
"DEMO_CUST_CHURN_TAB"."CONTRACT", 
"DEMO_CUST_CHURN_TAB"."DEPENDENTS", 
"DEMO_CUST_CHURN_TAB"."ONLINESECURITY", 
"DEMO_CUST_CHURN_TAB"."DEVICEPROTECTION", 
"DEMO_CUST_CHURN_TAB"."PAYMENTMETHOD", 
"DEMO_CUST_CHURN_TAB"."CUSTOMERID", 
"DEMO_CUST_CHURN_TAB"."TOTALCHARGES", 
"DEMO_CUST_CHURN_TAB"."GENDER", 
"DEMO_CUST_CHURN_TAB"."ONLINEBACKUP", 
"DEMO_CUST_CHURN_TAB"."STREAMINGTV", 
"DEMO_CUST_CHURN_TAB"."MONTHLYCHARGES", 
"DEMO_CUST_CHURN_TAB"."PHONESERVICE", 
"DEMO_CUST_CHURN_TAB"."INTERNETSERVICE", 
"DEMO_CUST_CHURN_TAB"."CHURN" 
from "DMUSER"."DEMO_CUST_CHURN_TAB"  )</SQLExpression>
            <Attributes>
                <Attribute Name="PARTNER" DataType="VARCHAR2" Status="Valid"/>
                <Attribute Name="MULTIPLELINES" DataType="VARCHAR2" Status="Valid"/>
                <Attribute Name="TENURE" DataType="NUMBER" Status="Valid"/>
                <Attribute Name="PAPERLESSBILLING" DataType="VARCHAR2" Status="Valid"/>
                <Attribute Name="SENIORCITIZEN" DataType="NUMBER" Status="Valid"/>
                <Attribute Name="TECHSUPPORT" DataType="VARCHAR2" Status="Valid"/>
                <Attribute Name="STREAMINGMOVIES" DataType="VARCHAR2" Status="Valid"/>
                <Attribute Name="CONTRACT" DataType="VARCHAR2" Status="Valid"/>
                <Attribute Name="DEPENDENTS" DataType="VARCHAR2" Status="Valid"/>
                <Attribute Name="ONLINESECURITY" DataType="VARCHAR2" Status="Valid"/>
                <Attribute Name="DEVICEPROTECTION" DataType="VARCHAR2" Status="Valid"/>
                <Attribute Name="PAYMENTMETHOD" DataType="VARCHAR2" Status="Valid"/>
                <Attribute Name="CUSTOMERID" DataType="VARCHAR2" Status="Valid"/>
                <Attribute Name="TOTALCHARGES" DataType="NUMBER" Status="Valid"/>
                <Attribute Name="GENDER" DataType="VARCHAR2" Status="Valid"/>
                <Attribute Name="ONLINEBACKUP" DataType="VARCHAR2" Status="Valid"/>
                <Attribute Name="STREAMINGTV" DataType="VARCHAR2" Status="Valid"/>
                <Attribute Name="MONTHLYCHARGES" DataType="NUMBER" Status="Valid"/>
                <Attribute Name="PHONESERVICE" DataType="VARCHAR2" Status="Valid"/>
                <Attribute Name="INTERNETSERVICE" DataType="VARCHAR2" Status="Valid"/>
                <Attribute Name="CHURN" DataType="VARCHAR2" Status="Valid"/>
            </Attributes>
            <SourceTable Schema="" Name="DEMO_CUST_CHURN_TAB" Synonym="false"/>
            <JSONColumns/>
            <DataGuideSettings Generate="true" UseFullData="false" UseFullDoc="false">
                <NumberOfRows>2000</NumberOfRows>
                <NumberOfValues>10000</NumberOfValues>
            </DataGuideSettings>
        </DataSource>
        <CreateTable TableName="DEMO_CUST_CHURN_PRED" Table="true" AutoSpec="Yes" Id="10004" Name="DEMO_CUST_CHURN_PRED" Status="Complete">
            <Icon XCOORD="474" YCOORD="76"></Icon>
            <Messages/>
            <Parallelism Enable="false">
                <SystemDetermined/>
            </Parallelism>
            <CacheSettings UseFullData="false" GenerateCache="false">
                <NumberOfRows>2000</NumberOfRows>
                <Method>
                    <TopN/>
                </Method>
            </CacheSettings>
            <SQLExpression>"N$10004" AS ( SELECT  "CHURN" ,
 "CUSTOMERID" ,
 "PRED_CHURN_1" ,
 "PDET_CHURN_1" ,
 "PROB_CHURN_1"  FROM "DEMO_CUST_CHURN_PRED")</SQLExpression>
            <DBAttributes>
                <DBAttribute Key="No" Index="No" Name="CHURN" DataType="VARCHAR2" Status="Valid"/>
                <DBAttribute Key="No" Index="No" Name="CUSTOMERID" DataType="VARCHAR2" Status="Valid"/>
                <DBAttribute Key="No" Index="No" Name="PRED_CHURN_1" DataType="VARCHAR2" Status="Valid"/>
                <DBAttribute Key="No" Index="No" Name="PDET_CHURN_1" DataType="XMLTYPE" Status="Valid"/>
                <DBAttribute Key="No" Index="No" Name="PROB_CHURN_1" DataType="BINARY_DOUBLE" Status="Valid"/>
            </DBAttributes>
            <JSONColumns/>
        </CreateTable>
        <DynamicPrediction Id="10002" Name="Prediction Query" Status="Complete">
            <Icon XCOORD="306" YCOORD="74"></Icon>
            <Messages/>
            <Parallelism Enable="false">
                <SystemDetermined/>
            </Parallelism>
            <CacheSettings UseFullData="false" GenerateCache="false">
                <NumberOfRows>2000</NumberOfRows>
                <Method>
                    <TopN/>
                </Method>
            </CacheSettings>
            <SQLExpression>"N$10002" as (SELECT 	"CHURN",
	"CUSTOMERID",
PREDICTION( FOR "CHURN" USING "PARTNER", "MULTIPLELINES", "TENURE", "PAPERLESSBILLING", TO_CHAR("SENIORCITIZEN") "SENIORCITIZEN", "TECHSUPPORT", "STREAMINGMOVIES", "CONTRACT", "DEPENDENTS", "ONLINESECURITY", "DEVICEPROTECTION", "PAYMENTMETHOD", "TOTALCHARGES", "GENDER", "ONLINEBACKUP", "STREAMINGTV", "MONTHLYCHARGES", "PHONESERVICE", "INTERNETSERVICE")
    OVER (
	ORDER BY "CUSTOMERID"
    ) "PRED_CHURN_1"
,PREDICTION_DETAILS( FOR "CHURN" , NULL , 5 ABS USING "PARTNER", "MULTIPLELINES", "TENURE", "PAPERLESSBILLING", TO_CHAR("SENIORCITIZEN") "SENIORCITIZEN", "TECHSUPPORT", "STREAMINGMOVIES", "CONTRACT", "DEPENDENTS", "ONLINESECURITY", "DEVICEPROTECTION", "PAYMENTMETHOD", "TOTALCHARGES", "GENDER", "ONLINEBACKUP", "STREAMINGTV", "MONTHLYCHARGES", "PHONESERVICE", "INTERNETSERVICE")
    OVER (
	ORDER BY "CUSTOMERID"
    ) "PDET_CHURN_1"
,PREDICTION_PROBABILITY( FOR "CHURN" USING "PARTNER", "MULTIPLELINES", "TENURE", "PAPERLESSBILLING", TO_CHAR("SENIORCITIZEN") "SENIORCITIZEN", "TECHSUPPORT", "STREAMINGMOVIES", "CONTRACT", "DEPENDENTS", "ONLINESECURITY", "DEVICEPROTECTION", "PAYMENTMETHOD", "TOTALCHARGES", "GENDER", "ONLINEBACKUP", "STREAMINGTV", "MONTHLYCHARGES", "PHONESERVICE", "INTERNETSERVICE")
    OVER (
	ORDER BY "CUSTOMERID"
    ) "PROB_CHURN_1"
FROM {INPUT_SOURCE}
 )</SQLExpression>
            <PredictionAttributes>
                <TargetAttributes>
                    <MiningAttribute AutoPrep="Yes" MiningType="Categorical" Input="Yes" Name="CHURN" DataType="VARCHAR2" Status="Valid"/>
                </TargetAttributes>
                <TargetValuesTable Name="ODMR$14_12_08_314000ESKYTHG" CreationDate="2016-07-30T14:12:08"/>
            </PredictionAttributes>
            <DynamicNodeBaseSettings>
                <CaseAttributes>
                    <Attribute Name="CUSTOMERID" DataType="VARCHAR2" Status="Valid"/>
                </CaseAttributes>
                <MiningAttributes AutoSpec="Yes">
                    <MiningAttribute AutoPrep="Yes" MiningType="Categorical" Input="Yes" Name="PARTNER" DataType="VARCHAR2" Status="Valid"/>
                    <MiningAttribute AutoPrep="Yes" MiningType="Categorical" Input="Yes" Name="MULTIPLELINES" DataType="VARCHAR2" Status="Valid"/>
                    <MiningAttribute AutoPrep="Yes" MiningType="Numerical" Input="Yes" Name="TENURE" DataType="NUMBER" Status="Valid"/>
                    <MiningAttribute AutoPrep="Yes" MiningType="Categorical" Input="Yes" Name="PAPERLESSBILLING" DataType="VARCHAR2" Status="Valid"/>
                    <MiningAttribute AutoPrep="Yes" MiningType="Categorical" Input="Yes" Name="SENIORCITIZEN" DataType="NUMBER" Status="Valid"/>
                    <MiningAttribute AutoPrep="Yes" MiningType="Categorical" Input="Yes" Name="TECHSUPPORT" DataType="VARCHAR2" Status="Valid"/>
                    <MiningAttribute AutoPrep="Yes" MiningType="Categorical" Input="Yes" Name="STREAMINGMOVIES" DataType="VARCHAR2" Status="Valid"/>
                    <MiningAttribute AutoPrep="Yes" MiningType="Categorical" Input="Yes" Name="CONTRACT" DataType="VARCHAR2" Status="Valid"/>
                    <MiningAttribute AutoPrep="Yes" MiningType="Categorical" Input="Yes" Name="DEPENDENTS" DataType="VARCHAR2" Status="Valid"/>
                    <MiningAttribute AutoPrep="Yes" MiningType="Categorical" Input="Yes" Name="ONLINESECURITY" DataType="VARCHAR2" Status="Valid"/>
                    <MiningAttribute AutoPrep="Yes" MiningType="Categorical" Input="Yes" Name="DEVICEPROTECTION" DataType="VARCHAR2" Status="Valid"/>
                    <MiningAttribute AutoPrep="Yes" MiningType="Categorical" Input="Yes" Name="PAYMENTMETHOD" DataType="VARCHAR2" Status="Valid"/>
                    <MiningAttribute AutoPrep="Yes" MiningType="Categorical" Input="Yes" Name="CUSTOMERID" DataType="VARCHAR2" Status="Valid"/>
                    <MiningAttribute AutoPrep="Yes" MiningType="Numerical" Input="Yes" Name="TOTALCHARGES" DataType="NUMBER" Status="Valid"/>
                    <MiningAttribute AutoPrep="Yes" MiningType="Categorical" Input="Yes" Name="GENDER" DataType="VARCHAR2" Status="Valid"/>
                    <MiningAttribute AutoPrep="Yes" MiningType="Categorical" Input="Yes" Name="ONLINEBACKUP" DataType="VARCHAR2" Status="Valid"/>
                    <MiningAttribute AutoPrep="Yes" MiningType="Categorical" Input="Yes" Name="STREAMINGTV" DataType="VARCHAR2" Status="Valid"/>
                    <MiningAttribute AutoPrep="Yes" MiningType="Numerical" Input="Yes" Name="MONTHLYCHARGES" DataType="NUMBER" Status="Valid"/>
                    <MiningAttribute AutoPrep="Yes" MiningType="Categorical" Input="Yes" Name="PHONESERVICE" DataType="VARCHAR2" Status="Valid"/>
                    <MiningAttribute AutoPrep="Yes" MiningType="Categorical" Input="Yes" Name="INTERNETSERVICE" DataType="VARCHAR2" Status="Valid"/>
                    <MiningAttribute AutoPrep="Yes" MiningType="Categorical" Input="Yes" Name="CHURN" DataType="VARCHAR2" Status="Valid"/>
                </MiningAttributes>
                <PartitionExpressions/>
                <DynamicApplyOutputColumns>
                    <DynamicApplyOutputColumn>
                        <TargetAttributeName>CHURN</TargetAttributeName>
                        <Prediction>
                            <CostOption>
                                <None/>
                            </CostOption>
                            <Column Name="PRED_CHURN_1"/>
                        </Prediction>
                    </DynamicApplyOutputColumn>
                    <DynamicApplyOutputColumn>
                        <TargetAttributeName>CHURN</TargetAttributeName>
                        <PredictionDetails>
                            <Column Name="PDET_CHURN_1" TopNValue="5" Sort="ABS"/>
                        </PredictionDetails>
                    </DynamicApplyOutputColumn>
                    <DynamicApplyOutputColumn>
                        <TargetAttributeName>CHURN</TargetAttributeName>
                        <PredictionProbability>
                            <Column Name="PROB_CHURN_1"/>
                        </PredictionProbability>
                    </DynamicApplyOutputColumn>
                </DynamicApplyOutputColumns>
                <SQLPredictionExpression>"N$10002" as (SELECT 	"CHURN",
	"CUSTOMERID",
PREDICTION( FOR "CHURN" USING "PARTNER", "MULTIPLELINES", "TENURE", "PAPERLESSBILLING", TO_CHAR("SENIORCITIZEN") "SENIORCITIZEN", "TECHSUPPORT", "STREAMINGMOVIES", "CONTRACT", "DEPENDENTS", "ONLINESECURITY", "DEVICEPROTECTION", "PAYMENTMETHOD", "TOTALCHARGES", "GENDER", "ONLINEBACKUP", "STREAMINGTV", "MONTHLYCHARGES", "PHONESERVICE", "INTERNETSERVICE")
    OVER (
	ORDER BY "CUSTOMERID"
    ) "PRED_CHURN_1"
,PREDICTION_DETAILS( FOR "CHURN" , NULL , 5 ABS USING "PARTNER", "MULTIPLELINES", "TENURE", "PAPERLESSBILLING", TO_CHAR("SENIORCITIZEN") "SENIORCITIZEN", "TECHSUPPORT", "STREAMINGMOVIES", "CONTRACT", "DEPENDENTS", "ONLINESECURITY", "DEVICEPROTECTION", "PAYMENTMETHOD", "TOTALCHARGES", "GENDER", "ONLINEBACKUP", "STREAMINGTV", "MONTHLYCHARGES", "PHONESERVICE", "INTERNETSERVICE")
    OVER (
	ORDER BY "CUSTOMERID"
    ) "PDET_CHURN_1"
,PREDICTION_PROBABILITY( FOR "CHURN" USING "PARTNER", "MULTIPLELINES", "TENURE", "PAPERLESSBILLING", TO_CHAR("SENIORCITIZEN") "SENIORCITIZEN", "TECHSUPPORT", "STREAMINGMOVIES", "CONTRACT", "DEPENDENTS", "ONLINESECURITY", "DEVICEPROTECTION", "PAYMENTMETHOD", "TOTALCHARGES", "GENDER", "ONLINEBACKUP", "STREAMINGTV", "MONTHLYCHARGES", "PHONESERVICE", "INTERNETSERVICE")
    OVER (
	ORDER BY "CUSTOMERID"
    ) "PROB_CHURN_1"
FROM {INPUT_SOURCE}
 )</SQLPredictionExpression>
                <SupplementalAttributes AutoSpec="Yes">
                    <Attribute xsi:type="MiningAttributeType" AutoPrep="Yes" MiningType="Categorical" Input="Yes" Name="CHURN" DataType="VARCHAR2" Status="Valid" xmlns:xsi="http://www.w3.org/2001/XMLSchema-instance"/>
                    <Attribute Name="CUSTOMERID" DataType="VARCHAR2" Status="Valid"/>
                </SupplementalAttributes>
                <HeuristicResult StatisticTable="ODMR$14_12_07_122000DTWVCRG">
                    <Attribute Name="SENIORCITIZEN">
                        <Reason Type="NUM_TO_CAT_MINING_TYPE"/>
                    </Attribute>
                </HeuristicResult>
            </DynamicNodeBaseSettings>
        </DynamicPrediction>
    </Nodes>
    <Links>
        <Link Id="10003" From="10001" To="10002" Name="Link" Label="From &quot;DEMO_CUST_CHURN_TAB&quot; to &quot;Prediction Query&quot;">
            <ConnectorGraphicsInfo>
                <Coordinates XCoordinate="0.0" YCoordinate="0.0"/>
            </ConnectorGraphicsInfo>
        </Link>
        <Link Id="10005" From="10002" To="10004" Name="Link" Label="From &quot;Prediction Query&quot; to &quot;OUTPUT_1_16&quot;">
            <ConnectorGraphicsInfo>
                <Coordinates XCoordinate="0.0" YCoordinate="0.0"/>
            </ConnectorGraphicsInfo>
        </Link>
    </Links>
</WorkflowProcess>
