<?xml version="1.0" encoding="UTF-8" standalone="yes"?>
<WorkflowProcess Version="12.1.0.2.3" DBVersion="12.1.0.2.0" Schema="" xmlns="http://xmlns.oracle.com/odmr11">
    <Nodes>
        <DataSource Id="10016" Name="DEMO_CUST_CHURN_TAB" Status="Complete">
            <Icon XCOORD="108" YCOORD="106"></Icon>
            <Messages/>
            <Parallelism Enable="false">
                <SystemDetermined/>
            </Parallelism>
            <CacheSettings UseFullData="false" GenerateCache="false">
                <NumberOfRows>2000</NumberOfRows>
                <Method>
                    <TopN/>
                </Method>
            </CacheSettings>
            <SQLExpression>"N$10016" as (select "DEMO_CUST_CHURN_TAB"."PARTNER", 
"DEMO_CUST_CHURN_TAB"."MULTIPLELINES", 
"DEMO_CUST_CHURN_TAB"."TENURE", 
"DEMO_CUST_CHURN_TAB"."PAPERLESSBILLING", 
"DEMO_CUST_CHURN_TAB"."SENIORCITIZEN", 
"DEMO_CUST_CHURN_TAB"."TECHSUPPORT", 
"DEMO_CUST_CHURN_TAB"."STREAMINGMOVIES", 
"DEMO_CUST_CHURN_TAB"."CONTRACT", 
"DEMO_CUST_CHURN_TAB"."DEPENDENTS", 
"DEMO_CUST_CHURN_TAB"."ONLINESECURITY", 
"DEMO_CUST_CHURN_TAB"."DEVICEPROTECTION", 
"DEMO_CUST_CHURN_TAB"."PAYMENTMETHOD", 
"DEMO_CUST_CHURN_TAB"."CUSTOMERID", 
"DEMO_CUST_CHURN_TAB"."TOTALCHARGES", 
"DEMO_CUST_CHURN_TAB"."GENDER", 
"DEMO_CUST_CHURN_TAB"."ONLINEBACKUP", 
"DEMO_CUST_CHURN_TAB"."STREAMINGTV", 
"DEMO_CUST_CHURN_TAB"."MONTHLYCHARGES", 
"DEMO_CUST_CHURN_TAB"."PHONESERVICE", 
"DEMO_CUST_CHURN_TAB"."INTERNETSERVICE", 
"DEMO_CUST_CHURN_TAB"."CHURN" 
from "DMUSER"."DEMO_CUST_CHURN_TAB"  )</SQLExpression>
            <Attributes>
                <Attribute Name="PARTNER" DataType="VARCHAR2" Status="Valid"/>
                <Attribute Name="MULTIPLELINES" DataType="VARCHAR2" Status="Valid"/>
                <Attribute Name="TENURE" DataType="NUMBER" Status="Valid"/>
                <Attribute Name="PAPERLESSBILLING" DataType="VARCHAR2" Status="Valid"/>
                <Attribute Name="SENIORCITIZEN" DataType="NUMBER" Status="Valid"/>
                <Attribute Name="TECHSUPPORT" DataType="VARCHAR2" Status="Valid"/>
                <Attribute Name="STREAMINGMOVIES" DataType="VARCHAR2" Status="Valid"/>
                <Attribute Name="CONTRACT" DataType="VARCHAR2" Status="Valid"/>
                <Attribute Name="DEPENDENTS" DataType="VARCHAR2" Status="Valid"/>
                <Attribute Name="ONLINESECURITY" DataType="VARCHAR2" Status="Valid"/>
                <Attribute Name="DEVICEPROTECTION" DataType="VARCHAR2" Status="Valid"/>
                <Attribute Name="PAYMENTMETHOD" DataType="VARCHAR2" Status="Valid"/>
                <Attribute Name="CUSTOMERID" DataType="VARCHAR2" Status="Valid"/>
                <Attribute Name="TOTALCHARGES" DataType="NUMBER" Status="Valid"/>
                <Attribute Name="GENDER" DataType="VARCHAR2" Status="Valid"/>
                <Attribute Name="ONLINEBACKUP" DataType="VARCHAR2" Status="Valid"/>
                <Attribute Name="STREAMINGTV" DataType="VARCHAR2" Status="Valid"/>
                <Attribute Name="MONTHLYCHARGES" DataType="NUMBER" Status="Valid"/>
                <Attribute Name="PHONESERVICE" DataType="VARCHAR2" Status="Valid"/>
                <Attribute Name="INTERNETSERVICE" DataType="VARCHAR2" Status="Valid"/>
                <Attribute Name="CHURN" DataType="VARCHAR2" Status="Valid"/>
            </Attributes>
            <SourceTable Schema="" Name="DEMO_CUST_CHURN_TAB" Synonym="false"/>
            <JSONColumns/>
            <DataGuideSettings Generate="true" UseFullData="false" UseFullDoc="false">
                <NumberOfRows>2000</NumberOfRows>
                <NumberOfValues>10000</NumberOfValues>
            </DataGuideSettings>
        </DataSource>
        <CreateTable TableName="DEMO_CUST_CHURN_TEST" Table="true" AutoSpec="Yes" Id="10045" Name="DEMO_CUST_CHURN_TEST" Status="Complete">
            <Icon XCOORD="500" YCOORD="343"></Icon>
            <Messages/>
            <Parallelism Enable="false">
                <SystemDetermined/>
            </Parallelism>
            <CacheSettings UseFullData="false" GenerateCache="false">
                <NumberOfRows>2000</NumberOfRows>
                <Method>
                    <TopN/>
                </Method>
            </CacheSettings>
            <SQLExpression>"N$10045" AS ( SELECT  "CLAS_GLM_1_14_PRED" ,
 "CLAS_GLM_1_14_PROB" ,
 "CLAS_GLM_1_14_PBLW" ,
 "CLAS_GLM_1_14_PBUP" ,
 "CUSTOMERID"  FROM "DEMO_CUST_CHURN_TEST")</SQLExpression>
            <DBAttributes>
                <DBAttribute Key="No" Index="No" Name="CLAS_GLM_1_14_PRED" DataType="VARCHAR2" Status="Valid"/>
                <DBAttribute Key="No" Index="No" Name="CLAS_GLM_1_14_PROB" DataType="BINARY_DOUBLE" Status="Valid"/>
                <DBAttribute Key="No" Index="No" Name="CLAS_GLM_1_14_PBLW" DataType="BINARY_DOUBLE" Status="Valid"/>
                <DBAttribute Key="No" Index="No" Name="CLAS_GLM_1_14_PBUP" DataType="BINARY_DOUBLE" Status="Valid"/>
                <DBAttribute Key="No" Index="No" Name="CUSTOMERID" DataType="VARCHAR2" Status="Valid"/>
            </DBAttributes>
            <JSONColumns/>
        </CreateTable>
        <Sample Id="10017" Name="Train" Status="Complete">
            <Icon XCOORD="265" YCOORD="105"></Icon>
            <Messages/>
            <Parallelism Enable="false">
                <SystemDetermined/>
            </Parallelism>
            <CacheSettings UseFullData="false" GenerateCache="false">
                <NumberOfRows>2000</NumberOfRows>
                <Method>
                    <TopN/>
                </Method>
            </CacheSettings>
            <SQLExpression>"N$10017.1" as (SELECT  COUNT(*) "COUNT" FROM {INPUT_SOURCE}), 
"N$10017" as (
SELECT 
"PARTNER"
, "MULTIPLELINES"
, "TENURE"
, "PAPERLESSBILLING"
, "SENIORCITIZEN"
, "TECHSUPPORT"
, "STREAMINGMOVIES"
, "CONTRACT"
, "DEPENDENTS"
, "ONLINESECURITY"
, "DEVICEPROTECTION"
, "PAYMENTMETHOD"
, "CUSTOMERID"
, "TOTALCHARGES"
, "GENDER"
, "ONLINEBACKUP"
, "STREAMINGTV"
, "MONTHLYCHARGES"
, "PHONESERVICE"
, "INTERNETSERVICE"
, "CHURN"
 FROM (SELECT t.*, row_number() OVER(ORDER BY ORA_HASH("CUSTOMERID", 4294967295, 12345)) "ODMR$02_11_01_984000QBOCUNH" FROM {INPUT_SOURCE} t) WHERE "ODMR$02_11_01_984000QBOCUNH" &lt;= (SELECT "COUNT" FROM "N$10017.1") * 60 / 100)</SQLExpression>
            <SamplingSettings>
                <PercentOfTotal>60.0</PercentOfTotal>
                <Method>
                    <Random Seed="12345"/>
                </Method>
                <CaseAttribute Name="CUSTOMERID" DataType="VARCHAR2" Status="Valid"/>
            </SamplingSettings>
        </Sample>
        <Sample Id="10021" Name="Test" Status="Complete">
            <Icon XCOORD="257" YCOORD="226"></Icon>
            <Messages/>
            <Parallelism Enable="false">
                <SystemDetermined/>
            </Parallelism>
            <CacheSettings UseFullData="false" GenerateCache="false">
                <NumberOfRows>2000</NumberOfRows>
                <Method>
                    <TopN/>
                </Method>
            </CacheSettings>
            <SQLExpression>"N$10021.1" as (SELECT  COUNT(*) "COUNT" FROM {INPUT_SOURCE}), 
"N$10021" as (
SELECT 
"PARTNER"
, "MULTIPLELINES"
, "TENURE"
, "PAPERLESSBILLING"
, "SENIORCITIZEN"
, "TECHSUPPORT"
, "STREAMINGMOVIES"
, "CONTRACT"
, "DEPENDENTS"
, "ONLINESECURITY"
, "DEVICEPROTECTION"
, "PAYMENTMETHOD"
, "CUSTOMERID"
, "TOTALCHARGES"
, "GENDER"
, "ONLINEBACKUP"
, "STREAMINGTV"
, "MONTHLYCHARGES"
, "PHONESERVICE"
, "INTERNETSERVICE"
, "CHURN"
 FROM (SELECT t.*, row_number() OVER(ORDER BY ORA_HASH("CUSTOMERID", 4294967295, 12345)) "ODMR$02_50_46_926000CAXWBPS" FROM {INPUT_SOURCE} t) WHERE "ODMR$02_50_46_926000CAXWBPS" &lt;= (SELECT "COUNT" FROM "N$10021.1") * 40 / 100)</SQLExpression>
            <SamplingSettings>
                <PercentOfTotal>40.0</PercentOfTotal>
                <Method>
                    <Random Seed="12345"/>
                </Method>
                <CaseAttribute Name="CUSTOMERID" DataType="VARCHAR2" Status="Valid"/>
            </SamplingSettings>
        </Sample>
        <ColumnFilter Id="10023" Name="Filter Columns" Status="Complete">
            <Icon XCOORD="383" YCOORD="106"></Icon>
            <Messages/>
            <Parallelism Enable="false">
                <SystemDetermined/>
            </Parallelism>
            <CacheSettings UseFullData="false" GenerateCache="false">
                <NumberOfRows>2000</NumberOfRows>
                <Method>
                    <TopN/>
                </Method>
            </CacheSettings>
            <SQLExpression>"N$10023" as (SELECT 
"CHURN",
"CONTRACT",
"CUSTOMERID",
"DEPENDENTS",
"DEVICEPROTECTION",
"INTERNETSERVICE",
"MONTHLYCHARGES",
"ONLINEBACKUP",
"ONLINESECURITY",
"PAPERLESSBILLING",
"PARTNER",
"PAYMENTMETHOD",
"SENIORCITIZEN",
"STREAMINGMOVIES",
"STREAMINGTV",
"TECHSUPPORT",
"TENURE"
FROM {INPUT_SOURCE}
 )</SQLExpression>
            <ColumnFilterSettings NumberOfRows="2000">
                <DataQualitySettings NullsPercent="95.0" UniquePercent="95.0" ConstantPercent="95.0"/>
                <AttrImportantSettings CutOff="0.0" TopN="100" SamplingType="System" StratifiedCutoff="10">
                    <TargetAttribute Name="CHURN" DataType="VARCHAR2" Status="Valid"/>
                </AttrImportantSettings>
            </ColumnFilterSettings>
            <ColumnFilterAttributes AutoSpec="No" AutomaticFilterEnable="No">
                <Attribute AutomaticFiltering="false" Output="Yes" Name="CHURN" DataType="VARCHAR2" Status="Valid"/>
                <Attribute AutomaticFiltering="false" Output="Yes" Name="CONTRACT" DataType="VARCHAR2" Status="Valid"/>
                <Attribute AutomaticFiltering="false" Output="Yes" Name="CUSTOMERID" DataType="VARCHAR2" Status="Valid"/>
                <Attribute AutomaticFiltering="false" Output="Yes" Name="DEPENDENTS" DataType="VARCHAR2" Status="Valid"/>
                <Attribute AutomaticFiltering="false" Output="Yes" Name="DEVICEPROTECTION" DataType="VARCHAR2" Status="Valid"/>
                <Attribute AutomaticFiltering="false" Output="No" Name="GENDER" DataType="VARCHAR2" Status="Valid"/>
                <Attribute AutomaticFiltering="false" Output="Yes" Name="INTERNETSERVICE" DataType="VARCHAR2" Status="Valid"/>
                <Attribute AutomaticFiltering="false" Output="Yes" Name="MONTHLYCHARGES" DataType="NUMBER" Status="Valid"/>
                <Attribute AutomaticFiltering="false" Output="No" Name="MULTIPLELINES" DataType="VARCHAR2" Status="Valid"/>
                <Attribute AutomaticFiltering="false" Output="Yes" Name="ONLINEBACKUP" DataType="VARCHAR2" Status="Valid"/>
                <Attribute AutomaticFiltering="false" Output="Yes" Name="ONLINESECURITY" DataType="VARCHAR2" Status="Valid"/>
                <Attribute AutomaticFiltering="false" Output="Yes" Name="PAPERLESSBILLING" DataType="VARCHAR2" Status="Valid"/>
                <Attribute AutomaticFiltering="false" Output="Yes" Name="PARTNER" DataType="VARCHAR2" Status="Valid"/>
                <Attribute AutomaticFiltering="false" Output="Yes" Name="PAYMENTMETHOD" DataType="VARCHAR2" Status="Valid"/>
                <Attribute AutomaticFiltering="false" Output="No" Name="PHONESERVICE" DataType="VARCHAR2" Status="Valid"/>
                <Attribute AutomaticFiltering="false" Output="Yes" Name="SENIORCITIZEN" DataType="NUMBER" Status="Valid"/>
                <Attribute AutomaticFiltering="false" Output="Yes" Name="STREAMINGMOVIES" DataType="VARCHAR2" Status="Valid"/>
                <Attribute AutomaticFiltering="false" Output="Yes" Name="STREAMINGTV" DataType="VARCHAR2" Status="Valid"/>
                <Attribute AutomaticFiltering="false" Output="Yes" Name="TECHSUPPORT" DataType="VARCHAR2" Status="Valid"/>
                <Attribute AutomaticFiltering="false" Output="Yes" Name="TENURE" DataType="NUMBER" Status="Valid"/>
                <Attribute AutomaticFiltering="false" Output="No" Name="TOTALCHARGES" DataType="NUMBER" Status="Valid"/>
            </ColumnFilterAttributes>
            <ColumnFilterResults DataQualityOutput="ODMR$02_34_04_136000RVLKBLW" AttrImportanceOutput="ODMR$FILTER_COLUMNS_AI_2" GenerateImportanceOutput="true">
                <Attribute Name="CHURN"/>
                <Attribute Name="CONTRACT"/>
                <Attribute Name="CUSTOMERID">
                    <Reason Type="UNIQUE_LIMIT"/>
                    <Reason Type="CUTOFF_LIMIT"/>
                </Attribute>
                <Attribute Name="DEPENDENTS"/>
                <Attribute Name="DEVICEPROTECTION"/>
                <Attribute Name="GENDER">
                    <Reason Type="CUTOFF_LIMIT"/>
                </Attribute>
                <Attribute Name="INTERNETSERVICE"/>
                <Attribute Name="MONTHLYCHARGES"/>
                <Attribute Name="MULTIPLELINES">
                    <Reason Type="CUTOFF_LIMIT"/>
                </Attribute>
                <Attribute Name="ONLINEBACKUP"/>
                <Attribute Name="ONLINESECURITY"/>
                <Attribute Name="PAPERLESSBILLING"/>
                <Attribute Name="PARTNER"/>
                <Attribute Name="PAYMENTMETHOD"/>
                <Attribute Name="PHONESERVICE">
                    <Reason Type="CUTOFF_LIMIT"/>
                </Attribute>
                <Attribute Name="SENIORCITIZEN"/>
                <Attribute Name="STREAMINGMOVIES"/>
                <Attribute Name="STREAMINGTV"/>
                <Attribute Name="TECHSUPPORT"/>
                <Attribute Name="TENURE"/>
                <Attribute Name="TOTALCHARGES">
                    <Reason Type="UNIQUE_LIMIT"/>
                </Attribute>
            </ColumnFilterResults>
        </ColumnFilter>
        <ClassificationBuild Id="10029" Name="Class Build" Status="Complete">
            <Icon XCOORD="501" YCOORD="105"></Icon>
            <Messages/>
            <Parallelism Enable="false">
                <SystemDetermined/>
            </Parallelism>
            <BuildDataSource SourceId="10023"/>
            <CaseAttributes>
                <Attribute Name="CUSTOMERID" DataType="VARCHAR2" Status="Valid"/>
            </CaseAttributes>
            <MiningAttributes AutoSpec="Yes">
                <MiningAttribute AutoPrep="Yes" MiningType="Categorical" Input="Yes" Name="CHURN" DataType="VARCHAR2" Status="Valid"/>
                <MiningAttribute AutoPrep="Yes" MiningType="Categorical" Input="Yes" Name="CONTRACT" DataType="VARCHAR2" Status="Valid"/>
                <MiningAttribute AutoPrep="Yes" MiningType="Categorical" Input="No" Name="CUSTOMERID" DataType="VARCHAR2" Status="Valid"/>
                <MiningAttribute AutoPrep="Yes" MiningType="Categorical" Input="Yes" Name="DEPENDENTS" DataType="VARCHAR2" Status="Valid"/>
                <MiningAttribute AutoPrep="Yes" MiningType="Categorical" Input="Yes" Name="DEVICEPROTECTION" DataType="VARCHAR2" Status="Valid"/>
                <MiningAttribute AutoPrep="Yes" MiningType="Categorical" Input="Yes" Name="INTERNETSERVICE" DataType="VARCHAR2" Status="Valid"/>
                <MiningAttribute AutoPrep="Yes" MiningType="Numerical" Input="Yes" Name="MONTHLYCHARGES" DataType="NUMBER" Status="Valid"/>
                <MiningAttribute AutoPrep="Yes" MiningType="Categorical" Input="Yes" Name="ONLINEBACKUP" DataType="VARCHAR2" Status="Valid"/>
                <MiningAttribute AutoPrep="Yes" MiningType="Categorical" Input="Yes" Name="ONLINESECURITY" DataType="VARCHAR2" Status="Valid"/>
                <MiningAttribute AutoPrep="Yes" MiningType="Categorical" Input="Yes" Name="PAPERLESSBILLING" DataType="VARCHAR2" Status="Valid"/>
                <MiningAttribute AutoPrep="Yes" MiningType="Categorical" Input="Yes" Name="PARTNER" DataType="VARCHAR2" Status="Valid"/>
                <MiningAttribute AutoPrep="Yes" MiningType="Categorical" Input="Yes" Name="PAYMENTMETHOD" DataType="VARCHAR2" Status="Valid"/>
                <MiningAttribute AutoPrep="Yes" MiningType="Categorical" Input="Yes" Name="SENIORCITIZEN" DataType="NUMBER" Status="Valid"/>
                <MiningAttribute AutoPrep="Yes" MiningType="Categorical" Input="Yes" Name="STREAMINGMOVIES" DataType="VARCHAR2" Status="Valid"/>
                <MiningAttribute AutoPrep="Yes" MiningType="Categorical" Input="Yes" Name="STREAMINGTV" DataType="VARCHAR2" Status="Valid"/>
                <MiningAttribute AutoPrep="Yes" MiningType="Categorical" Input="Yes" Name="TECHSUPPORT" DataType="VARCHAR2" Status="Valid"/>
                <MiningAttribute AutoPrep="Yes" MiningType="Numerical" Input="Yes" Name="TENURE" DataType="NUMBER" Status="Valid"/>
            </MiningAttributes>
            <Stoplists>
                <Stoplist Id="1" Name="Default" Type="Basic" Language="ENGLISH" DBName="">
                    <StopTokens>
                        <Token Type="Word" Language="ENGLISH">
                            <Item>Mr</Item>
                        </Token>
                        <Token Type="Word" Language="ENGLISH">
                            <Item>Mrs</Item>
                        </Token>
                        <Token Type="Word" Language="ENGLISH">
                            <Item>Ms</Item>
                        </Token>
                        <Token Type="Word" Language="ENGLISH">
                            <Item>a</Item>
                        </Token>
                        <Token Type="Word" Language="ENGLISH">
                            <Item>all</Item>
                        </Token>
                        <Token Type="Word" Language="ENGLISH">
                            <Item>almost</Item>
                        </Token>
                        <Token Type="Word" Language="ENGLISH">
                            <Item>also</Item>
                        </Token>
                        <Token Type="Word" Language="ENGLISH">
                            <Item>although</Item>
                        </Token>
                        <Token Type="Word" Language="ENGLISH">
                            <Item>an</Item>
                        </Token>
                        <Token Type="Word" Language="ENGLISH">
                            <Item>and</Item>
                        </Token>
                        <Token Type="Word" Language="ENGLISH">
                            <Item>any</Item>
                        </Token>
                        <Token Type="Word" Language="ENGLISH">
                            <Item>are</Item>
                        </Token>
                        <Token Type="Word" Language="ENGLISH">
                            <Item>as</Item>
                        </Token>
                        <Token Type="Word" Language="ENGLISH">
                            <Item>at</Item>
                        </Token>
                        <Token Type="Word" Language="ENGLISH">
                            <Item>be</Item>
                        </Token>
                        <Token Type="Word" Language="ENGLISH">
                            <Item>because</Item>
                        </Token>
                        <Token Type="Word" Language="ENGLISH">
                            <Item>been</Item>
                        </Token>
                        <Token Type="Word" Language="ENGLISH">
                            <Item>both</Item>
                        </Token>
                        <Token Type="Word" Language="ENGLISH">
                            <Item>but</Item>
                        </Token>
                        <Token Type="Word" Language="ENGLISH">
                            <Item>by</Item>
                        </Token>
                        <Token Type="Word" Language="ENGLISH">
                            <Item>can</Item>
                        </Token>
                        <Token Type="Word" Language="ENGLISH">
                            <Item>could</Item>
                        </Token>
                        <Token Type="Word" Language="ENGLISH">
                            <Item>d</Item>
                        </Token>
                        <Token Type="Word" Language="ENGLISH">
                            <Item>did</Item>
                        </Token>
                        <Token Type="Word" Language="ENGLISH">
                            <Item>do</Item>
                        </Token>
                        <Token Type="Word" Language="ENGLISH">
                            <Item>does</Item>
                        </Token>
                        <Token Type="Word" Language="ENGLISH">
                            <Item>either</Item>
                        </Token>
                        <Token Type="Word" Language="ENGLISH">
                            <Item>for</Item>
                        </Token>
                        <Token Type="Word" Language="ENGLISH">
                            <Item>from</Item>
                        </Token>
                        <Token Type="Word" Language="ENGLISH">
                            <Item>had</Item>
                        </Token>
                        <Token Type="Word" Language="ENGLISH">
                            <Item>has</Item>
                        </Token>
                        <Token Type="Word" Language="ENGLISH">
                            <Item>have</Item>
                        </Token>
                        <Token Type="Word" Language="ENGLISH">
                            <Item>having</Item>
                        </Token>
                        <Token Type="Word" Language="ENGLISH">
                            <Item>he</Item>
                        </Token>
                        <Token Type="Word" Language="ENGLISH">
                            <Item>her</Item>
                        </Token>
                        <Token Type="Word" Language="ENGLISH">
                            <Item>here</Item>
                        </Token>
                        <Token Type="Word" Language="ENGLISH">
                            <Item>hers</Item>
                        </Token>
                        <Token Type="Word" Language="ENGLISH">
                            <Item>him</Item>
                        </Token>
                        <Token Type="Word" Language="ENGLISH">
                            <Item>his</Item>
                        </Token>
                        <Token Type="Word" Language="ENGLISH">
                            <Item>how</Item>
                        </Token>
                        <Token Type="Word" Language="ENGLISH">
                            <Item>however</Item>
                        </Token>
                        <Token Type="Word" Language="ENGLISH">
                            <Item>i</Item>
                        </Token>
                        <Token Type="Word" Language="ENGLISH">
                            <Item>if</Item>
                        </Token>
                        <Token Type="Word" Language="ENGLISH">
                            <Item>in</Item>
                        </Token>
                        <Token Type="Word" Language="ENGLISH">
                            <Item>into</Item>
                        </Token>
                        <Token Type="Word" Language="ENGLISH">
                            <Item>is</Item>
                        </Token>
                        <Token Type="Word" Language="ENGLISH">
                            <Item>it</Item>
                        </Token>
                        <Token Type="Word" Language="ENGLISH">
                            <Item>its</Item>
                        </Token>
                        <Token Type="Word" Language="ENGLISH">
                            <Item>just</Item>
                        </Token>
                        <Token Type="Word" Language="ENGLISH">
                            <Item>ll</Item>
                        </Token>
                        <Token Type="Word" Language="ENGLISH">
                            <Item>me</Item>
                        </Token>
                        <Token Type="Word" Language="ENGLISH">
                            <Item>might</Item>
                        </Token>
                        <Token Type="Word" Language="ENGLISH">
                            <Item>my</Item>
                        </Token>
                        <Token Type="Word" Language="ENGLISH">
                            <Item>no</Item>
                        </Token>
                        <Token Type="Word" Language="ENGLISH">
                            <Item>non</Item>
                        </Token>
                        <Token Type="Word" Language="ENGLISH">
                            <Item>nor</Item>
                        </Token>
                        <Token Type="Word" Language="ENGLISH">
                            <Item>not</Item>
                        </Token>
                        <Token Type="Word" Language="ENGLISH">
                            <Item>of</Item>
                        </Token>
                        <Token Type="Word" Language="ENGLISH">
                            <Item>on</Item>
                        </Token>
                        <Token Type="Word" Language="ENGLISH">
                            <Item>one</Item>
                        </Token>
                        <Token Type="Word" Language="ENGLISH">
                            <Item>only</Item>
                        </Token>
                        <Token Type="Word" Language="ENGLISH">
                            <Item>onto</Item>
                        </Token>
                        <Token Type="Word" Language="ENGLISH">
                            <Item>or</Item>
                        </Token>
                        <Token Type="Word" Language="ENGLISH">
                            <Item>our</Item>
                        </Token>
                        <Token Type="Word" Language="ENGLISH">
                            <Item>ours</Item>
                        </Token>
                        <Token Type="Word" Language="ENGLISH">
                            <Item>s</Item>
                        </Token>
                        <Token Type="Word" Language="ENGLISH">
                            <Item>shall</Item>
                        </Token>
                        <Token Type="Word" Language="ENGLISH">
                            <Item>she</Item>
                        </Token>
                        <Token Type="Word" Language="ENGLISH">
                            <Item>should</Item>
                        </Token>
                        <Token Type="Word" Language="ENGLISH">
                            <Item>since</Item>
                        </Token>
                        <Token Type="Word" Language="ENGLISH">
                            <Item>so</Item>
                        </Token>
                        <Token Type="Word" Language="ENGLISH">
                            <Item>some</Item>
                        </Token>
                        <Token Type="Word" Language="ENGLISH">
                            <Item>still</Item>
                        </Token>
                        <Token Type="Word" Language="ENGLISH">
                            <Item>such</Item>
                        </Token>
                        <Token Type="Word" Language="ENGLISH">
                            <Item>t</Item>
                        </Token>
                        <Token Type="Word" Language="ENGLISH">
                            <Item>than</Item>
                        </Token>
                        <Token Type="Word" Language="ENGLISH">
                            <Item>that</Item>
                        </Token>
                        <Token Type="Word" Language="ENGLISH">
                            <Item>the</Item>
                        </Token>
                        <Token Type="Word" Language="ENGLISH">
                            <Item>their</Item>
                        </Token>
                        <Token Type="Word" Language="ENGLISH">
                            <Item>them</Item>
                        </Token>
                        <Token Type="Word" Language="ENGLISH">
                            <Item>then</Item>
                        </Token>
                        <Token Type="Word" Language="ENGLISH">
                            <Item>there</Item>
                        </Token>
                        <Token Type="Word" Language="ENGLISH">
                            <Item>therefore</Item>
                        </Token>
                        <Token Type="Word" Language="ENGLISH">
                            <Item>these</Item>
                        </Token>
                        <Token Type="Word" Language="ENGLISH">
                            <Item>they</Item>
                        </Token>
                        <Token Type="Word" Language="ENGLISH">
                            <Item>this</Item>
                        </Token>
                        <Token Type="Word" Language="ENGLISH">
                            <Item>those</Item>
                        </Token>
                        <Token Type="Word" Language="ENGLISH">
                            <Item>though</Item>
                        </Token>
                        <Token Type="Word" Language="ENGLISH">
                            <Item>through</Item>
                        </Token>
                        <Token Type="Word" Language="ENGLISH">
                            <Item>thus</Item>
                        </Token>
                        <Token Type="Word" Language="ENGLISH">
                            <Item>to</Item>
                        </Token>
                        <Token Type="Word" Language="ENGLISH">
                            <Item>too</Item>
                        </Token>
                        <Token Type="Word" Language="ENGLISH">
                            <Item>until</Item>
                        </Token>
                        <Token Type="Word" Language="ENGLISH">
                            <Item>ve</Item>
                        </Token>
                        <Token Type="Word" Language="ENGLISH">
                            <Item>very</Item>
                        </Token>
                        <Token Type="Word" Language="ENGLISH">
                            <Item>was</Item>
                        </Token>
                        <Token Type="Word" Language="ENGLISH">
                            <Item>we</Item>
                        </Token>
                        <Token Type="Word" Language="ENGLISH">
                            <Item>were</Item>
                        </Token>
                        <Token Type="Word" Language="ENGLISH">
                            <Item>what</Item>
                        </Token>
                        <Token Type="Word" Language="ENGLISH">
                            <Item>when</Item>
                        </Token>
                        <Token Type="Word" Language="ENGLISH">
                            <Item>where</Item>
                        </Token>
                        <Token Type="Word" Language="ENGLISH">
                            <Item>whether</Item>
                        </Token>
                        <Token Type="Word" Language="ENGLISH">
                            <Item>which</Item>
                        </Token>
                        <Token Type="Word" Language="ENGLISH">
                            <Item>while</Item>
                        </Token>
                        <Token Type="Word" Language="ENGLISH">
                            <Item>who</Item>
                        </Token>
                        <Token Type="Word" Language="ENGLISH">
                            <Item>whose</Item>
                        </Token>
                        <Token Type="Word" Language="ENGLISH">
                            <Item>why</Item>
                        </Token>
                        <Token Type="Word" Language="ENGLISH">
                            <Item>will</Item>
                        </Token>
                        <Token Type="Word" Language="ENGLISH">
                            <Item>with</Item>
                        </Token>
                        <Token Type="Word" Language="ENGLISH">
                            <Item>would</Item>
                        </Token>
                        <Token Type="Word" Language="ENGLISH">
                            <Item>yet</Item>
                        </Token>
                        <Token Type="Word" Language="ENGLISH">
                            <Item>you</Item>
                        </Token>
                        <Token Type="Word" Language="ENGLISH">
                            <Item>your</Item>
                        </Token>
                        <Token Type="Word" Language="ENGLISH">
                            <Item>yours</Item>
                        </Token>
                    </StopTokens>
                </Stoplist>
            </Stoplists>
            <TextSettings TransformType="Token" CategoricalCutOffValue="200">
                <Token>
                    <Token MaxNumberPerDoc="50" MaxNumberAllDocs="3000" Frequency="IDF" StoplistId="1" Policy="">
                        <Lexer Name="" Type="Basic">
                            <Settings/>
                        </Lexer>
                        <Languages>
                            <Language Name="ENGLISH" Type="SingleByte"/>
                        </Languages>
                    </Token>
                </Token>
                <Theme Type="Single">
                    <Token MaxNumberPerDoc="50" MaxNumberAllDocs="3000" Frequency="IDF" StoplistId="1" Policy="">
                        <Lexer Type="Basic">
                            <Settings>
                                <Attribute Name="index_themes" ValueString="YES" Type="String"/>
                                <Attribute Name="theme_language" ValueString="ENGLISH" Type="String"/>
                            </Settings>
                        </Lexer>
                        <Languages>
                            <Language Name="ENGLISH" Type="SingleByte"/>
                        </Languages>
                    </Token>
                </Theme>
            </TextSettings>
            <TextAttributes/>
            <HeuristicSummaryResult StatisticTable="ODMR$02_34_05_086000KPMZOUQ">
                <Attribute Name="CUSTOMERID">
                    <Reason Type="INPUT_NONE"/>
                </Attribute>
                <Attribute Name="SENIORCITIZEN">
                    <Reason Type="NUM_TO_CAT_MINING_TYPE"/>
                </Attribute>
            </HeuristicSummaryResult>
            <TestDataSource>
                <SplitData TestPercent="40.0" DataFormat="Table"/>
            </TestDataSource>
            <TargetAttribute Name="CHURN" DataType="VARCHAR2" Status="Valid"/>
            <Models>
                <NaiveBayesModel Id="10025" Name="CLAS_NB_1_14" Status="Complete" CreationDate="2016-07-21T02:34:10" Annotation="" UseForOutput="true">
                    <InputMiningData DataUsage="AUTO" MiningUsage="AUTO">
                        <MiningAttributes>
                            <MiningAttribute AutoPrep="Yes" MiningType="Categorical" Input="Yes" Name="CHURN" DataType="VARCHAR2" Status="Valid"/>
                            <MiningAttribute AutoPrep="Yes" MiningType="Categorical" Input="Yes" Name="CONTRACT" DataType="VARCHAR2" Status="Valid"/>
                            <MiningAttribute AutoPrep="Yes" MiningType="Categorical" Input="No" Name="CUSTOMERID" DataType="VARCHAR2" Status="Valid"/>
                            <MiningAttribute AutoPrep="Yes" MiningType="Categorical" Input="Yes" Name="DEPENDENTS" DataType="VARCHAR2" Status="Valid"/>
                            <MiningAttribute AutoPrep="Yes" MiningType="Categorical" Input="Yes" Name="DEVICEPROTECTION" DataType="VARCHAR2" Status="Valid"/>
                            <MiningAttribute AutoPrep="Yes" MiningType="Categorical" Input="Yes" Name="INTERNETSERVICE" DataType="VARCHAR2" Status="Valid"/>
                            <MiningAttribute AutoPrep="Yes" MiningType="Numerical" Input="Yes" Name="MONTHLYCHARGES" DataType="NUMBER" Status="Valid"/>
                            <MiningAttribute AutoPrep="Yes" MiningType="Categorical" Input="Yes" Name="ONLINEBACKUP" DataType="VARCHAR2" Status="Valid"/>
                            <MiningAttribute AutoPrep="Yes" MiningType="Categorical" Input="Yes" Name="ONLINESECURITY" DataType="VARCHAR2" Status="Valid"/>
                            <MiningAttribute AutoPrep="Yes" MiningType="Categorical" Input="Yes" Name="PAPERLESSBILLING" DataType="VARCHAR2" Status="Valid"/>
                            <MiningAttribute AutoPrep="Yes" MiningType="Categorical" Input="Yes" Name="PARTNER" DataType="VARCHAR2" Status="Valid"/>
                            <MiningAttribute AutoPrep="Yes" MiningType="Categorical" Input="Yes" Name="PAYMENTMETHOD" DataType="VARCHAR2" Status="Valid"/>
                            <MiningAttribute AutoPrep="Yes" MiningType="Categorical" Input="Yes" Name="SENIORCITIZEN" DataType="NUMBER" Status="Valid"/>
                            <MiningAttribute AutoPrep="Yes" MiningType="Categorical" Input="Yes" Name="STREAMINGMOVIES" DataType="VARCHAR2" Status="Valid"/>
                            <MiningAttribute AutoPrep="Yes" MiningType="Categorical" Input="Yes" Name="STREAMINGTV" DataType="VARCHAR2" Status="Valid"/>
                            <MiningAttribute AutoPrep="Yes" MiningType="Categorical" Input="Yes" Name="TECHSUPPORT" DataType="VARCHAR2" Status="Valid"/>
                            <MiningAttribute AutoPrep="Yes" MiningType="Numerical" Input="Yes" Name="TENURE" DataType="NUMBER" Status="Valid"/>
                        </MiningAttributes>
                        <HeuristicResult StatisticTable="ODMR$02_34_05_086000KPMZOUQ">
                            <Attribute Name="SENIORCITIZEN">
                                <Reason Type="NUM_TO_CAT_MINING_TYPE"/>
                            </Attribute>
                        </HeuristicResult>
                    </InputMiningData>
                    <Performance>
                        <Balanced WeightsTable="ODMR$02_34_06_596000TFQBIZQ"/>
                    </Performance>
                    <Tuning>
                        <None/>
                    </Tuning>
                    <NaiveBayesAlgo>
                        <NABS_PAIRWISE_THRESHOLD>0.0</NABS_PAIRWISE_THRESHOLD>
                        <NABS_SINGLETON_THRESHOLD>0.0</NABS_SINGLETON_THRESHOLD>
                    </NaiveBayesAlgo>
                </NaiveBayesModel>
                <DecisionTreeModel Id="10026" Name="CLAS_DT_1_14" Status="Complete" CreationDate="2016-07-21T02:34:11" Annotation="" UseForOutput="true">
                    <InputMiningData DataUsage="AUTO" MiningUsage="AUTO">
                        <MiningAttributes>
                            <MiningAttribute AutoPrep="Yes" MiningType="Categorical" Input="Yes" Name="CHURN" DataType="VARCHAR2" Status="Valid"/>
                            <MiningAttribute AutoPrep="Yes" MiningType="Categorical" Input="Yes" Name="CONTRACT" DataType="VARCHAR2" Status="Valid"/>
                            <MiningAttribute AutoPrep="Yes" MiningType="Categorical" Input="No" Name="CUSTOMERID" DataType="VARCHAR2" Status="Valid"/>
                            <MiningAttribute AutoPrep="Yes" MiningType="Categorical" Input="Yes" Name="DEPENDENTS" DataType="VARCHAR2" Status="Valid"/>
                            <MiningAttribute AutoPrep="Yes" MiningType="Categorical" Input="Yes" Name="DEVICEPROTECTION" DataType="VARCHAR2" Status="Valid"/>
                            <MiningAttribute AutoPrep="Yes" MiningType="Categorical" Input="Yes" Name="INTERNETSERVICE" DataType="VARCHAR2" Status="Valid"/>
                            <MiningAttribute AutoPrep="Yes" MiningType="Numerical" Input="Yes" Name="MONTHLYCHARGES" DataType="NUMBER" Status="Valid"/>
                            <MiningAttribute AutoPrep="Yes" MiningType="Categorical" Input="Yes" Name="ONLINEBACKUP" DataType="VARCHAR2" Status="Valid"/>
                            <MiningAttribute AutoPrep="Yes" MiningType="Categorical" Input="Yes" Name="ONLINESECURITY" DataType="VARCHAR2" Status="Valid"/>
                            <MiningAttribute AutoPrep="Yes" MiningType="Categorical" Input="Yes" Name="PAPERLESSBILLING" DataType="VARCHAR2" Status="Valid"/>
                            <MiningAttribute AutoPrep="Yes" MiningType="Categorical" Input="Yes" Name="PARTNER" DataType="VARCHAR2" Status="Valid"/>
                            <MiningAttribute AutoPrep="Yes" MiningType="Categorical" Input="Yes" Name="PAYMENTMETHOD" DataType="VARCHAR2" Status="Valid"/>
                            <MiningAttribute AutoPrep="Yes" MiningType="Categorical" Input="Yes" Name="SENIORCITIZEN" DataType="NUMBER" Status="Valid"/>
                            <MiningAttribute AutoPrep="Yes" MiningType="Categorical" Input="Yes" Name="STREAMINGMOVIES" DataType="VARCHAR2" Status="Valid"/>
                            <MiningAttribute AutoPrep="Yes" MiningType="Categorical" Input="Yes" Name="STREAMINGTV" DataType="VARCHAR2" Status="Valid"/>
                            <MiningAttribute AutoPrep="Yes" MiningType="Categorical" Input="Yes" Name="TECHSUPPORT" DataType="VARCHAR2" Status="Valid"/>
                            <MiningAttribute AutoPrep="Yes" MiningType="Numerical" Input="Yes" Name="TENURE" DataType="NUMBER" Status="Valid"/>
                        </MiningAttributes>
                        <HeuristicResult StatisticTable="ODMR$02_34_05_086000KPMZOUQ">
                            <Attribute Name="SENIORCITIZEN">
                                <Reason Type="NUM_TO_CAT_MINING_TYPE"/>
                            </Attribute>
                        </HeuristicResult>
                    </InputMiningData>
                    <Performance>
                        <Balanced WeightsTable="ODMR$02_34_06_576000ZAWQNLD"/>
                    </Performance>
                    <Tuning>
                        <None/>
                    </Tuning>
                    <DecisionTreeAlgo>
                        <TREE_IMPURITY_METRIC>TREE_IMPURITY_GINI</TREE_IMPURITY_METRIC>
                        <TREE_TERM_MAX_DEPTH>7</TREE_TERM_MAX_DEPTH>
                        <TREE_TERM_MINPCT_NODE>0.05</TREE_TERM_MINPCT_NODE>
                        <TREE_TERM_MINPCT_SPLIT>0.1</TREE_TERM_MINPCT_SPLIT>
                        <TREE_TERM_MINREC_NODE>10</TREE_TERM_MINREC_NODE>
                        <TREE_TERM_MINREC_SPLIT>20</TREE_TERM_MINREC_SPLIT>
                    </DecisionTreeAlgo>
                </DecisionTreeModel>
                <CSupportVectorMachineModel Id="10027" Name="CLAS_SVM_1_14" Status="Complete" CreationDate="2016-07-21T02:34:10" Annotation="" UseForOutput="true">
                    <InputMiningData DataUsage="AUTO" MiningUsage="AUTO">
                        <MiningAttributes>
                            <MiningAttribute AutoPrep="Yes" MiningType="Categorical" Input="Yes" Name="CHURN" DataType="VARCHAR2" Status="Valid"/>
                            <MiningAttribute AutoPrep="Yes" MiningType="Categorical" Input="Yes" Name="CONTRACT" DataType="VARCHAR2" Status="Valid"/>
                            <MiningAttribute AutoPrep="Yes" MiningType="Categorical" Input="No" Name="CUSTOMERID" DataType="VARCHAR2" Status="Valid"/>
                            <MiningAttribute AutoPrep="Yes" MiningType="Categorical" Input="Yes" Name="DEPENDENTS" DataType="VARCHAR2" Status="Valid"/>
                            <MiningAttribute AutoPrep="Yes" MiningType="Categorical" Input="Yes" Name="DEVICEPROTECTION" DataType="VARCHAR2" Status="Valid"/>
                            <MiningAttribute AutoPrep="Yes" MiningType="Categorical" Input="Yes" Name="INTERNETSERVICE" DataType="VARCHAR2" Status="Valid"/>
                            <MiningAttribute AutoPrep="Yes" MiningType="Numerical" Input="Yes" Name="MONTHLYCHARGES" DataType="NUMBER" Status="Valid"/>
                            <MiningAttribute AutoPrep="Yes" MiningType="Categorical" Input="Yes" Name="ONLINEBACKUP" DataType="VARCHAR2" Status="Valid"/>
                            <MiningAttribute AutoPrep="Yes" MiningType="Categorical" Input="Yes" Name="ONLINESECURITY" DataType="VARCHAR2" Status="Valid"/>
                            <MiningAttribute AutoPrep="Yes" MiningType="Categorical" Input="Yes" Name="PAPERLESSBILLING" DataType="VARCHAR2" Status="Valid"/>
                            <MiningAttribute AutoPrep="Yes" MiningType="Categorical" Input="Yes" Name="PARTNER" DataType="VARCHAR2" Status="Valid"/>
                            <MiningAttribute AutoPrep="Yes" MiningType="Categorical" Input="Yes" Name="PAYMENTMETHOD" DataType="VARCHAR2" Status="Valid"/>
                            <MiningAttribute AutoPrep="Yes" MiningType="Categorical" Input="Yes" Name="SENIORCITIZEN" DataType="NUMBER" Status="Valid"/>
                            <MiningAttribute AutoPrep="Yes" MiningType="Categorical" Input="Yes" Name="STREAMINGMOVIES" DataType="VARCHAR2" Status="Valid"/>
                            <MiningAttribute AutoPrep="Yes" MiningType="Categorical" Input="Yes" Name="STREAMINGTV" DataType="VARCHAR2" Status="Valid"/>
                            <MiningAttribute AutoPrep="Yes" MiningType="Categorical" Input="Yes" Name="TECHSUPPORT" DataType="VARCHAR2" Status="Valid"/>
                            <MiningAttribute AutoPrep="Yes" MiningType="Numerical" Input="Yes" Name="TENURE" DataType="NUMBER" Status="Valid"/>
                        </MiningAttributes>
                        <HeuristicResult StatisticTable="ODMR$02_34_05_086000KPMZOUQ">
                            <Attribute Name="SENIORCITIZEN">
                                <Reason Type="NUM_TO_CAT_MINING_TYPE"/>
                            </Attribute>
                        </HeuristicResult>
                    </InputMiningData>
                    <Performance>
                        <Balanced WeightsTable="ODMR$02_34_06_616000TJJJJSO"/>
                    </Performance>
                    <Tuning>
                        <None/>
                    </Tuning>
                    <CSupportVectorMachineAlgo>
                        <SVMS_ACTIVE_LEARNING>SVMS_AL_ENABLE</SVMS_ACTIVE_LEARNING>
                        <SVMS_CONV_TOLERANCE>0.001</SVMS_CONV_TOLERANCE>
                    </CSupportVectorMachineAlgo>
                </CSupportVectorMachineModel>
                <CGeneralizedLinearModel Id="10028" Name="CLAS_GLM_1_14" Status="Complete" CreationDate="2016-07-21T02:34:10" Annotation="" UseForOutput="true">
                    <InputMiningData DataUsage="AUTO" MiningUsage="AUTO">
                        <MiningAttributes>
                            <MiningAttribute AutoPrep="Yes" MiningType="Categorical" Input="Yes" Name="CHURN" DataType="VARCHAR2" Status="Valid"/>
                            <MiningAttribute AutoPrep="Yes" MiningType="Categorical" Input="Yes" Name="CONTRACT" DataType="VARCHAR2" Status="Valid"/>
                            <MiningAttribute AutoPrep="Yes" MiningType="Categorical" Input="No" Name="CUSTOMERID" DataType="VARCHAR2" Status="Valid"/>
                            <MiningAttribute AutoPrep="Yes" MiningType="Categorical" Input="Yes" Name="DEPENDENTS" DataType="VARCHAR2" Status="Valid"/>
                            <MiningAttribute AutoPrep="Yes" MiningType="Categorical" Input="Yes" Name="DEVICEPROTECTION" DataType="VARCHAR2" Status="Valid"/>
                            <MiningAttribute AutoPrep="Yes" MiningType="Categorical" Input="Yes" Name="INTERNETSERVICE" DataType="VARCHAR2" Status="Valid"/>
                            <MiningAttribute AutoPrep="Yes" MiningType="Numerical" Input="Yes" Name="MONTHLYCHARGES" DataType="NUMBER" Status="Valid"/>
                            <MiningAttribute AutoPrep="Yes" MiningType="Categorical" Input="Yes" Name="ONLINEBACKUP" DataType="VARCHAR2" Status="Valid"/>
                            <MiningAttribute AutoPrep="Yes" MiningType="Categorical" Input="Yes" Name="ONLINESECURITY" DataType="VARCHAR2" Status="Valid"/>
                            <MiningAttribute AutoPrep="Yes" MiningType="Categorical" Input="Yes" Name="PAPERLESSBILLING" DataType="VARCHAR2" Status="Valid"/>
                            <MiningAttribute AutoPrep="Yes" MiningType="Categorical" Input="Yes" Name="PARTNER" DataType="VARCHAR2" Status="Valid"/>
                            <MiningAttribute AutoPrep="Yes" MiningType="Categorical" Input="Yes" Name="PAYMENTMETHOD" DataType="VARCHAR2" Status="Valid"/>
                            <MiningAttribute AutoPrep="Yes" MiningType="Categorical" Input="Yes" Name="SENIORCITIZEN" DataType="NUMBER" Status="Valid"/>
                            <MiningAttribute AutoPrep="Yes" MiningType="Categorical" Input="Yes" Name="STREAMINGMOVIES" DataType="VARCHAR2" Status="Valid"/>
                            <MiningAttribute AutoPrep="Yes" MiningType="Categorical" Input="Yes" Name="STREAMINGTV" DataType="VARCHAR2" Status="Valid"/>
                            <MiningAttribute AutoPrep="Yes" MiningType="Categorical" Input="Yes" Name="TECHSUPPORT" DataType="VARCHAR2" Status="Valid"/>
                            <MiningAttribute AutoPrep="Yes" MiningType="Numerical" Input="Yes" Name="TENURE" DataType="NUMBER" Status="Valid"/>
                        </MiningAttributes>
                        <HeuristicResult StatisticTable="ODMR$02_34_05_086000KPMZOUQ">
                            <Attribute Name="SENIORCITIZEN">
                                <Reason Type="NUM_TO_CAT_MINING_TYPE"/>
                            </Attribute>
                        </HeuristicResult>
                    </InputMiningData>
                    <Performance>
                        <Balanced WeightsTable="ODMR$02_34_06_616000TENBJRC"/>
                    </Performance>
                    <Tuning>
                        <None/>
                    </Tuning>
                    <CGeneralizedLinearAlgo>
                        <GLMS_CONF_LEVEL>0.95</GLMS_CONF_LEVEL>
                        <GLMS_FTR_SELECTION>GLMS_FTR_SELECTION_DISABLE</GLMS_FTR_SELECTION>
                    </CGeneralizedLinearAlgo>
                </CGeneralizedLinearModel>
            </Models>
            <TestSettings>
                <TopNTargets Value="5"/>
            </TestSettings>
            <Results genAccuracyMetrics="true" genConfusionMatrix="true" genROC="true" genLift="true" genTuning="false">
                <ClassificationResult ModelId="10027" Status="Complete" Name="CLAS_SVM_1_14" CreationDate="2016-07-21T02:34:12">
                    <TestMetrics Name="ODMR$02_34_12_268000NCZAIKT" CreationDate="2016-07-21T02:34:12"/>
                    <ConfusionMatrix Name="ODMR$02_34_12_188000EYBPVLF" CreationDate="2016-07-21T02:34:12"/>
                    <Lifts>
                        <Lift TargetValue="No" Name="ODMR$02_34_12_288000BDJXVZQ" CreationDate="2016-07-21T02:34:12"/>
                        <Lift TargetValue="Yes" Name="ODMR$02_34_12_488000WPLEDSO" CreationDate="2016-07-21T02:34:12"/>
                    </Lifts>
                    <ROCs>
                        <ROC TargetValue="No" Name="ODMR$02_34_12_538000QZDGGEK" CreationDate="2016-07-21T02:34:12"/>
                        <ROC TargetValue="Yes" Name="ODMR$02_34_12_598000MFFHANI" CreationDate="2016-07-21T02:34:12"/>
                        <AreaUnderCurve Area="0.8082029223442078" TargetValue="No"/>
                        <AreaUnderCurve Area="0.8088107109069824" TargetValue="Yes"/>
                    </ROCs>
                </ClassificationResult>
                <ClassificationResult ModelId="10028" Status="Complete" Name="CLAS_GLM_1_14" CreationDate="2016-07-21T02:34:12">
                    <TestMetrics Name="ODMR$02_34_12_368000LADOOVU" CreationDate="2016-07-21T02:34:12"/>
                    <ConfusionMatrix Name="ODMR$02_34_12_188000GEPVIUN" CreationDate="2016-07-21T02:34:12"/>
                    <Lifts>
                        <Lift TargetValue="No" Name="ODMR$02_34_12_388000KGLLAZZ" CreationDate="2016-07-21T02:34:12"/>
                        <Lift TargetValue="Yes" Name="ODMR$02_34_12_488000CELVEWC" CreationDate="2016-07-21T02:34:12"/>
                    </Lifts>
                    <ROCs>
                        <ROC TargetValue="No" Name="ODMR$02_34_12_548000GUQVZIK" CreationDate="2016-07-21T02:34:12"/>
                        <ROC TargetValue="Yes" Name="ODMR$02_34_12_608000IARDNTR" CreationDate="2016-07-21T02:34:12"/>
                        <AreaUnderCurve Area="0.8298425078392029" TargetValue="No"/>
                        <AreaUnderCurve Area="0.8304073214530945" TargetValue="Yes"/>
                    </ROCs>
                </ClassificationResult>
                <ClassificationResult ModelId="10025" Status="Complete" Name="CLAS_NB_1_14" CreationDate="2016-07-21T02:34:12">
                    <TestMetrics Name="ODMR$02_34_12_398000QYEPEOP" CreationDate="2016-07-21T02:34:12"/>
                    <ConfusionMatrix Name="ODMR$02_34_12_188000MPPMVPM" CreationDate="2016-07-21T02:34:12"/>
                    <Lifts>
                        <Lift TargetValue="No" Name="ODMR$02_34_12_428000QIDTLZL" CreationDate="2016-07-21T02:34:12"/>
                        <Lift TargetValue="Yes" Name="ODMR$02_34_12_498000EMWLTSJ" CreationDate="2016-07-21T02:34:12"/>
                    </Lifts>
                    <ROCs>
                        <ROC TargetValue="No" Name="ODMR$02_34_12_568000IXIWAXU" CreationDate="2016-07-21T02:34:12"/>
                        <ROC TargetValue="Yes" Name="ODMR$02_34_12_628000JTPECAG" CreationDate="2016-07-21T02:34:12"/>
                        <AreaUnderCurve Area="0.8088616728782654" TargetValue="No"/>
                        <AreaUnderCurve Area="0.8096055388450623" TargetValue="Yes"/>
                    </ROCs>
                </ClassificationResult>
                <ClassificationResult ModelId="10026" Status="Complete" Name="CLAS_DT_1_14" CreationDate="2016-07-21T02:34:12">
                    <TestMetrics Name="ODMR$02_34_12_568000EXHHOVU" CreationDate="2016-07-21T02:34:12"/>
                    <ConfusionMatrix Name="ODMR$02_34_12_498000MSHEXKR" CreationDate="2016-07-21T02:34:12"/>
                    <Lifts>
                        <Lift TargetValue="No" Name="ODMR$02_34_12_648000UTISRGW" CreationDate="2016-07-21T02:34:12"/>
                        <Lift TargetValue="Yes" Name="ODMR$02_34_12_698000QMIFIVU" CreationDate="2016-07-21T02:34:12"/>
                    </Lifts>
                    <ROCs>
                        <ROC TargetValue="No" Name="ODMR$02_34_12_748000ZBEAJCU" CreationDate="2016-07-21T02:34:12"/>
                        <ROC TargetValue="Yes" Name="ODMR$02_34_12_799000JKRFIFI" CreationDate="2016-07-21T02:34:12"/>
                        <AreaUnderCurve Area="0.8160223960876465" TargetValue="No"/>
                        <AreaUnderCurve Area="0.8161745667457581" TargetValue="Yes"/>
                    </ROCs>
                </ClassificationResult>
            </Results>
        </ClassificationBuild>
        <Apply ColumnOutputOrder="SupplementalColumns" OrderPartitions="Yes" Id="10042" Name="Apply" Status="Complete">
            <Icon XCOORD="501" YCOORD="227"></Icon>
            <Messages/>
            <Parallelism Enable="false">
                <SystemDetermined/>
            </Parallelism>
            <CacheSettings UseFullData="false" GenerateCache="false">
                <NumberOfRows>2000</NumberOfRows>
                <Method>
                    <TopN/>
                </Method>
            </CacheSettings>
            <SQLExpression>"N$10042" as (SELECT 
"CUSTOMERID", 
PREDICTION("CLAS_GLM_1_14" USING *) "CLAS_GLM_1_14_PRED", 
PREDICTION_PROBABILITY("CLAS_GLM_1_14" USING *) "CLAS_GLM_1_14_PROB", 
PREDICTION_BOUNDS("CLAS_GLM_1_14", 0.95 USING *).LOWER "CLAS_GLM_1_14_PBLW", 
PREDICTION_BOUNDS("CLAS_GLM_1_14", 0.95 USING *).UPPER "CLAS_GLM_1_14_PBUP"
FROM {INPUT_SOURCE} )</SQLExpression>
            <SupplementalAttributes AutoSpec="No">
                <Attribute Name="CUSTOMERID" DataType="VARCHAR2" Status="Valid"/>
            </SupplementalAttributes>
            <OutputColumns AutoSpec="No">
                <OutputColumn>
                    <Model IsModelBuilt="true" NodeId="10029" Schema="" Name="CLAS_GLM_1_14" MiningFunction="CLASSIFICATION" MiningAlgorithm="GENERALIZED_LINEAR_MODEL" Status="Valid" UseForOutput="true" ModelId="10028"/>
                    <Prediction>
                        <CostOption>
                            <None/>
                        </CostOption>
                        <Column Name="CLAS_GLM_1_14_PRED"/>
                    </Prediction>
                </OutputColumn>
                <OutputColumn>
                    <Model IsModelBuilt="true" NodeId="10029" Schema="" Name="CLAS_GLM_1_14" MiningFunction="CLASSIFICATION" MiningAlgorithm="GENERALIZED_LINEAR_MODEL" Status="Valid" UseForOutput="true" ModelId="10028"/>
                    <PredictionProbability>
                        <Column Name="CLAS_GLM_1_14_PROB"/>
                    </PredictionProbability>
                </OutputColumn>
                <OutputColumn>
                    <Model IsModelBuilt="true" NodeId="10029" Schema="" Name="CLAS_GLM_1_14" MiningFunction="CLASSIFICATION" MiningAlgorithm="GENERALIZED_LINEAR_MODEL" Status="Valid" UseForOutput="true" ModelId="10028"/>
                    <PredictionBounds>
                        <Column LowerBound="CLAS_GLM_1_14_PBLW"/>
                    </PredictionBounds>
                </OutputColumn>
                <OutputColumn>
                    <Model IsModelBuilt="true" NodeId="10029" Schema="" Name="CLAS_GLM_1_14" MiningFunction="CLASSIFICATION" MiningAlgorithm="GENERALIZED_LINEAR_MODEL" Status="Valid" UseForOutput="true" ModelId="10028"/>
                    <PredictionBounds>
                        <Column UpperBound="CLAS_GLM_1_14_PBUP"/>
                    </PredictionBounds>
                </OutputColumn>
            </OutputColumns>
            <CaseAttributes/>
        </Apply>
    </Nodes>
    <Links>
        <Link Id="10018" From="10016" To="10017" Name="Link" Label="From &quot;DEMO_CUST_CHURN_TAB&quot; to &quot;Train&quot;">
            <ConnectorGraphicsInfo>
                <Coordinates XCoordinate="0.0" YCoordinate="0.0"/>
            </ConnectorGraphicsInfo>
        </Link>
        <Link Id="10022" From="10016" To="10021" Name="Link" Label="From &quot;DEMO_CUST_CHURN_TAB&quot; to &quot;Test&quot;">
            <ConnectorGraphicsInfo>
                <Coordinates XCoordinate="0.0" YCoordinate="0.0"/>
            </ConnectorGraphicsInfo>
        </Link>
        <Link Id="10024" From="10017" To="10023" Name="Link" Label="From &quot;Train&quot; to &quot;Filter Columns&quot;">
            <ConnectorGraphicsInfo>
                <Coordinates XCoordinate="0.0" YCoordinate="0.0"/>
            </ConnectorGraphicsInfo>
        </Link>
        <Link Id="10030" From="10023" To="10029" Name="Link" Label="From &quot;Filter Columns&quot; to &quot;Class Build&quot;">
            <ConnectorGraphicsInfo>
                <Coordinates XCoordinate="0.0" YCoordinate="0.0"/>
            </ConnectorGraphicsInfo>
        </Link>
        <Link Id="10043" From="10021" To="10042" Name="Link" Label="From &quot;Test&quot; to &quot;Apply&quot;">
            <ConnectorGraphicsInfo>
                <Coordinates XCoordinate="0.0" YCoordinate="0.0"/>
            </ConnectorGraphicsInfo>
        </Link>
        <Link Id="10044" From="10029" To="10042" Name="Link" Label="From &quot;Class Build&quot; to &quot;Apply&quot;">
            <ConnectorGraphicsInfo>
                <Coordinates XCoordinate="0.0" YCoordinate="0.0"/>
            </ConnectorGraphicsInfo>
        </Link>
        <Link Id="10046" From="10042" To="10045" Name="Link" Label="From &quot;Apply&quot; to &quot;DEMO_CUST_CHURN_TEST&quot;">
            <ConnectorGraphicsInfo>
                <Coordinates XCoordinate="0.0" YCoordinate="0.0"/>
            </ConnectorGraphicsInfo>
        </Link>
    </Links>
</WorkflowProcess>
